,xcoord,ycoord,zcoord
1,-194.04,0.22,30.2
2,-203.32,1.93,20.08
3,-200.25,3.59,23.93
4,-205.88,3.58,14.82
5,-193.17,9.53,29.67
6,-206.59,4.75,12.24
7,-198.13,10.86,24.38
8,-194.7,14.42,26.54
9,-203.75,9.78,16.51
10,-200.11,16.36,18.09
11,-206.22,8.91,9.06
12,-202.39,15.86,13.52
13,-202.13,17.37,11.52
14,-205.72,11.48,7.34
15,-201.42,19.56,7.27
16,-206.71,7.37,2.37
17,-199.03,22.45,4.71
18,-203.69,15.38,2.84
19,-193.52,27.76,2.68
20,-200.4,19.64,0.58
21,-195.41,24.85,-0.93
22,-204.12,12.19,-1.35
23,-197.57,21.36,-4.07
24,-201.96,14.23,-4.56
25,-191.43,24.9,-8.45
26,-198.93,16.66,-7.57
27,-189.89,23.53,-11.8
28,-199.52,12.18,-10.22
29,-191.08,19.69,-14.76
30,-203.95,5.83,-7
31,-181.31,18.08,-23.91
32,-198.16,9.7,-13.51
33,-207.38,-0.27,0.5
34,-191.34,11.26,-19.46
35,-196.33,6.75,-16.53
36,-202.33,3.33,-10.37
37,-190.68,0.98,-22
38,-199.8,1.62,-13.77
39,-188.29,0.66,34.68
40,-191.09,4.46,32.25
41,-186.07,6.96,35.54
42,-196.23,5.6,27.78
43,-182.3,12.52,36.49
44,-188.33,10.15,33.21
45,-189.78,18.29,28.67
46,-184.57,23.68,28.95
47,-183.93,19.93,31.93
48,-193.92,21.58,21.86
49,-188.45,26.23,22.81
50,-193.29,24.83,18.67
51,-194.58,26.19,13.2
52,-196.32,25.09,10.41
53,-187.25,31.71,14.18
54,-194.23,27.54,7.25
55,-187.86,31.86,11.36
56,-188.06,31.96,7.59
57,-182.26,35.29,5.73
58,-188.29,31.55,3.2
59,-182.97,34.45,1.15
60,-189.61,29.8,-1.46
61,-185.84,31.5,-3.61
62,-192.37,25.49,-5.65
63,-172.7,35.48,-11.81
64,-183.3,28.99,-12.01
65,-176.45,31.59,-14.61
66,-195.65,18.06,-10.91
67,-184.03,23.38,-17.77
68,-193.84,14.24,-15.65
69,-188.59,17.76,-18.39
70,-183.95,19.04,-21.22
71,-184.15,10.62,-25.33
72,-187.38,12.39,-22.09
73,-187.88,5.92,-23.67
74,-193.25,4.68,-19.69
75,-175.53,2.27,-32.6
76,-182.08,1.02,-28.31
77,-180.29,3.01,39.41
78,-183.07,5.07,37.64
79,-176.71,8.6,40.34
80,-179.45,11.23,38.48
81,-184.39,15.39,34.09
82,-189.2,14.85,31.05
83,-179.75,19.66,35.07
84,-173.69,23.25,36.21
85,-179.72,25.04,31.28
86,-186.15,25.22,26.17
87,-179.22,28.5,28.58
88,-181.56,29.86,24.65
89,-184.57,30.39,20.88
90,-189.08,29.12,17.61
91,-181.96,33.41,18.12
92,-180.25,35.48,14.58
93,-176.5,37.87,11.36
94,-180.88,36.04,9.43
95,-175.05,39.04,6.21
96,-176.25,38.13,2.85
97,-171.27,40.29,0.75
98,-178.62,36.17,-1.22
99,-180.91,33.72,-5.8
100,-185.17,29.9,-8.11
101,-166.02,39.3,-11.01
102,-168.87,35.93,-14.81
103,-170.14,33.06,-18.26
104,-184.1,26.13,-14.88
105,-178.82,25.49,-20.19
106,-176.37,24.62,-22.72
107,-178.61,16.53,-26.82
108,-171.31,22.44,-28.24
109,-175.64,14.97,-29.39
110,-181.31,8.86,-27.81
111,-169.14,14.28,-33.81
112,-174.16,10.53,-32.05
113,-165.1,5.47,-38.6
114,-185.3,0.94,-26.14
115,-171.19,2.95,43.77
116,-175.15,4.97,41.79
117,-170.9,8.79,43.19
118,-172.06,12.74,41.61
119,-174.53,15.17,39.61
120,-168.74,18.56,41.03
121,-167.14,24.72,38.38
122,-171.33,20.82,38.76
123,-169.35,27.19,35.61
124,-176.62,24.53,33.59
125,-173.74,29.7,30.92
126,-173.04,32.66,27.82
127,-176.37,32.58,25.45
128,-177.91,33.99,21.83
129,-174.78,36.9,18.88
130,-173.91,38.37,15.4
131,-169.24,40.88,12.57
132,-170.39,40.81,8.89
133,-161.85,44.62,4.72
134,-167.93,42.05,5.22
135,-165.72,42.64,1.03
136,-174.55,37.69,-3.59
137,-174.22,36.65,-7.58
138,-178.41,32.93,-10.1
139,-162.37,39.4,-14.69
140,-163.82,36.57,-18.38
141,-164.56,33.63,-22.14
142,-176.89,29.4,-17.35
143,-169.17,28.7,-24.18
144,-174.29,22.87,-25.71
145,-166.25,24.6,-30.09
146,-165.2,20.97,-33.03
147,-170.76,18.09,-31.18
148,-162.59,12.81,-38.56
149,-167.06,10.56,-36.43
150,-171.53,6.69,-34.45
151,-160.64,7.51,-40.85
152,-169.27,2.29,-36.49
153,-164.19,-0.52,46.6
154,-167.63,3.03,45.25
155,-164.48,6.82,46.11
156,-167.27,10.04,44.47
157,-167.14,15.74,42.78
158,-163.49,14.61,44.64
159,-163.9,23.55,40.55
160,-160.11,27.99,39.1
161,-163.35,29.34,36.59
162,-170.51,29.38,32.8
163,-164.31,31.79,33.74
164,-166.13,33.96,30.53
165,-168.74,36.98,24.36
166,-171.19,36.94,22.26
167,-164.26,40.61,20.41
168,-168.23,39.94,18.2
169,-165.09,42.14,14.69
170,-163.49,43.64,9.28
171,-151.26,48.08,10.4
172,-157.01,46.43,7.9
173,-158.24,45.88,0.71
174,-161.87,43.94,-2.72
175,-161.39,43.21,-6.58
176,-167.85,39.91,-7.52
177,-157.11,41.1,-16.74
178,-158.62,38.02,-20.62
179,-154.4,38.45,-23.29
180,-171.17,30.16,-21.17
181,-161.03,30.15,-28.67
182,-166,28.66,-26.6
183,-160.43,26.76,-32.03
184,-159.33,23.66,-35.16
185,-153.87,19.93,-40.45
186,-163.73,17.55,-35.88
187,-152.63,15.05,-43.1
188,-155.7,8.99,-43.3
189,-151.3,8.75,-45.53
190,-162.04,0.64,-40.69
191,-156.51,1.93,49.21
192,-161.25,2.8,47.65
193,-159.17,7.09,47.98
194,-161.32,11.15,46.44
195,-157.8,14.92,46.56
196,-159.29,19,44.63
197,-162.44,20.25,42.79
198,-158.12,24.95,41.94
199,-154.3,29.81,40.18
200,-156.94,32.16,36.87
201,-158.24,34.5,33.91
202,-159.96,36.28,30.99
203,-160.01,38.57,27.69
204,-162.67,39.21,24.87
205,-158.96,42.05,21.91
206,-159.77,43.49,17.05
207,-154.29,46.23,14.36
208,-159.5,44.89,12.22
209,-148.57,49.49,6.42
210,-154.56,47.6,4.02
211,-150.87,48.76,-0.36
212,-154.56,46.89,-3.57
213,-155.1,45.8,-7.7
214,-159.61,42.54,-10.81
215,-149.62,45.33,-15.76
216,-151.99,42.34,-19.5
217,-149.98,38.85,-26.32
218,-160.7,33.85,-24.7
219,-150.04,36.03,-29.75
220,-155.43,31.86,-30.77
221,-154.34,28.98,-34.22
222,-154.06,24.81,-37.53
223,-149.18,25.33,-39.89
224,-157.67,13.83,-40.91
225,-142.92,15.61,-47.45
226,-148.19,14.82,-45.3
227,-148.3,4.26,-47.51
228,-153.3,2.13,-45.36
229,-151.68,1.84,50.7
230,-153.92,6.2,49.76
231,-148.61,6.26,51.23
232,-155.55,10.83,48.5
233,-152.35,15.21,48.3
234,-153.98,18.98,46.47
235,-148.39,19.36,48.01
236,-151.89,27.41,42.66
237,-147.09,31.86,41.05
238,-150.58,33.51,38.26
239,-151.78,36.17,35.26
240,-152.55,38.55,32.02
241,-154.01,40.27,28.92
242,-154.42,42.36,24.93
243,-150.02,45.19,22.21
244,-154.17,44.91,19.12
245,-148.55,47.56,16.95
246,-146.06,49.23,12.92
247,-139.87,51.91,4.72
248,-146.5,50.21,2.43
249,-144.46,50.69,-2.64
250,-148.17,49,-6.11
251,-149.47,47.51,-10.28
252,-154.66,44.06,-13.11
253,-145.08,45.88,-19.15
254,-147.62,42.48,-22.78
255,-143.32,42.51,-26.17
256,-155.77,34.8,-26.99
257,-142.8,37.46,-32.85
258,-148.89,33.6,-33.27
259,-143.06,34.17,-36.14
260,-148.82,29.83,-36.66
261,-144.16,25.59,-42.26
262,-148.88,20.5,-42.74
263,-136.75,15.41,-50.15
264,-146.08,10.23,-47.61
265,-142.96,5.92,-49.58
266,-144.17,0.3,-49.48
267,-140.5,1.29,53.45
268,-146.36,1.87,52.18
269,-143.2,5.93,52.55
270,-150.61,10.57,50.03
271,-147.08,15.02,49.83
272,-143.34,19.87,49.16
273,-144.81,24.48,46.74
274,-146.4,28.27,43.99
275,-141.09,32.34,42.64
276,-142.22,35.8,39.19
277,-145.16,37.34,36.56
278,-145.86,40.11,33.16
279,-146.58,42.32,29.62
280,-147.96,44.05,26.27
281,-142.06,46.88,23.84
282,-143.94,47.87,20.14
283,-140.88,50.03,16.35
284,-142.99,50.81,8.73
285,-135.66,52.59,8.4
286,-139.56,52.24,0.22
287,-138.02,52.3,-4.64
288,-141.79,50.61,-8.25
289,-138.33,51.14,-11.39
290,-145.06,48.36,-13.1
291,-136.41,49.08,-19.56
292,-140.78,45.91,-22.59
293,-137.56,43.11,-29.22
294,-143.91,39.58,-29.57
295,-136.66,38.25,-35.68
296,-138.04,34.41,-38.86
297,-138.82,29.94,-41.99
298,-143.83,30.01,-39.26
299,-139.33,25.13,-44.81
300,-144.18,20.3,-44.89
301,-138.87,20.31,-47.49
302,-140.55,11.22,-49.65
303,-137.18,6.89,-51.84
304,-138.72,2.04,-51.71
305,-133.57,1.01,54.98
306,-137.13,5.06,53.91
307,-139.95,10.02,52.82
308,-145.25,10.65,51.41
309,-141.86,14.99,51.13
310,-138.04,19,50.62
311,-139.36,23.98,48.31
312,-140.58,28.35,45.49
313,-135.17,32,44.27
314,-135.96,35.76,41.14
315,-136.33,39.24,37.72
316,-139.1,41.02,34.72
317,-139.44,43.47,31.24
318,-140.35,45.5,27.67
319,-134.51,48.62,24.16
320,-136.29,49.98,20.04
321,-132.36,51.97,16.17
322,-138.67,51.24,12.5
323,-129.38,54.26,6.95
324,-133.37,53.57,3.4
325,-132.72,53.81,-2.17
326,-132.99,53.36,-7.92
327,-133.68,51.97,-13.99
328,-130.72,51.94,-16.98
329,-132.73,48.77,-22.92
330,-135.81,45.98,-25.98
331,-130.16,45.86,-29.66
332,-135.84,41.28,-32.43
333,-129.88,41.47,-35.9
334,-131.51,37.96,-38.92
335,-132.96,33.97,-41.79
336,-133.67,29.54,-44.71
337,-129.12,28,-47.92
338,-134.12,24.71,-47.4
339,-133.24,19.9,-50.08
340,-133.38,10.15,-52.87
341,-127.41,9.52,-55.53
342,-132.06,2.75,-54.29
343,-127.01,0.83,56.12
344,-131.1,4.49,55.32
345,-134.26,9.17,54.05
346,-136.41,14.14,52.65
347,-133.03,17.83,52.21
348,-134.35,22.94,49.98
349,-130.19,26.36,49.08
350,-130.12,31.06,46.29
351,-130.41,35.1,43.18
352,-130.69,38.88,39.78
353,-127.7,41.87,37.49
354,-131.84,42.77,35.3
355,-132.34,44.91,32.02
356,-132.86,47.06,28.31
357,-127.94,49.81,25.27
358,-129.39,51.17,20.91
359,-125.87,53.13,17.74
360,-130.94,52.97,12.17
361,-124.32,55.88,4.32
362,-128.79,54.8,0.73
363,-124.07,56.09,-2.68
364,-127.84,55.03,-5.83
365,-125.07,54.5,-13.69
366,-127.43,51.61,-20.35
367,-124.98,50.96,-23.72
368,-128.02,48.49,-26.61
369,-123.62,48.08,-30.31
370,-128.46,44.35,-33.01
371,-123.53,44.1,-36.45
372,-125.48,40.5,-39.45
373,-126.96,36.85,-42.42
374,-128.36,32.68,-45.18
375,-124.6,25.81,-51.09
376,-128.98,23.05,-50.57
377,-124.47,20.64,-53.38
378,-127.79,17.4,-53.28
379,-124.73,11.23,-56.1
380,-128.79,5.59,-55.28
381,-123.18,3.53,56.69
382,-128.56,7.44,55.31
383,-123.7,12.48,55.46
384,-128.78,15.2,53.92
385,-125.94,18.4,53.47
386,-129.78,21.32,51.62
387,-125.93,25.11,50.71
388,-125.69,29.88,48.11
389,-125.28,34.12,45.32
390,-125.65,37.93,41.98
391,-121.58,41.11,40.05
392,-122.98,44.69,35.7
393,-125.43,46.18,32.74
394,-126.41,48.14,29.25
395,-120.87,51.03,26.62
396,-122.73,52.32,22.42
397,-124.37,54.49,14.22
398,-125.43,54.92,10.11
399,-119.69,56.88,7.5
400,-120.2,57.19,0.77
401,-116.74,58.28,-2.86
402,-120.85,56.74,-7.25
403,-117.8,56.62,-14.34
404,-123.01,54.11,-17.49
405,-119.69,53.78,-21.42
406,-120.71,50.87,-27.18
407,-116.93,50.03,-31.33
408,-120.97,46.93,-33.87
409,-119.11,43.09,-39.95
410,-121.16,39.25,-42.68
411,-123.2,34.97,-45.59
412,-124.4,30.55,-48.42
413,-119.56,28.74,-51.5
414,-119.74,23.22,-54.16
415,-118.99,16.97,-56.68
416,-122.62,14.93,-55.97
417,-118.6,8.22,-58.73
418,-121.82,4.19,-58.16
419,-117.44,3.04,57.71
420,-124.98,8.26,56.2
421,-119.44,11.39,56.51
422,-120.17,16.88,55.09
423,-116.94,20.91,54.36
424,-122.85,21.88,52.81
425,-119.54,25.6,52.05
426,-120.74,29.59,49.67
427,-119.62,33.78,46.98
428,-119.56,37.46,44.12
429,-115.72,40.73,42.06
430,-117.56,44.07,38.19
431,-117.09,47.56,33.89
432,-119.37,49.21,30.52
433,-116.14,53.63,23.53
434,-118.53,54.62,19.05
435,-116.97,56.1,15.61
436,-117.71,56.79,11.61
437,-112.44,58.61,8.46
438,-116.17,58.23,3.98
439,-113.82,58.83,-6.08
440,-120.28,56.58,-10.49
441,-112.04,57.79,-16.48
442,-115.98,55.86,-18.94
443,-111.85,55.85,-22.59
444,-116.28,53.59,-24.93
445,-110.83,51.63,-32.29
446,-116.08,46.28,-37.43
447,-114.97,41.63,-43.12
448,-117.04,37.65,-45.98
449,-113.2,35.66,-49.04
450,-114.7,31.16,-51.73
451,-110.59,28.64,-54.42
452,-115.45,26.15,-54.36
453,-115.57,20.29,-56.82
454,-115.86,12.14,-59
455,-112.83,10.69,-60.25
456,-116.12,5.24,-60.04
457,-108.8,2.4,59.34
458,-113.83,7.69,58.06
459,-112.41,11.91,57.57
460,-115.63,15.61,56.25
461,-112.05,20.1,55.6
462,-114.03,25.04,53.21
463,-110.41,29.09,52.01
464,-115.58,29.86,50.68
465,-113.91,33.68,48.5
466,-113.7,37.21,45.72
467,-111.12,43.6,40.54
468,-112.22,46.44,36.89
469,-112.27,50.22,31.64
470,-113.76,52,27.83
471,-109.28,54.35,25.18
472,-111.65,55.73,20.61
473,-110.63,57.19,17.12
474,-110.68,58.3,12.87
475,-109.23,59.72,4.99
476,-112.11,59.62,0.53
477,-109.03,60.36,-2.67
478,-112.8,58.84,-9.69
479,-110.88,58.8,-12.76
480,-107.66,57.97,-20.06
481,-107.81,55.92,-25.53
482,-107.56,54.56,-28.6
483,-113.22,49.07,-35.07
484,-112.42,44.95,-40.64
485,-108.89,43.22,-43.93
486,-111.49,39.63,-46.45
487,-107.53,37.5,-49.63
488,-109.53,33.4,-52.05
489,-105.94,30.6,-54.9
490,-111.42,23.41,-56.74
491,-108.02,20.1,-59.06
492,-112.58,16.94,-58.89
493,-107.86,7.96,-62.11
494,-111.18,3.06,-61.64
495,-102.79,2.26,60.14
496,-106.01,7.02,59.31
497,-107,11.33,58.59
498,-109.89,15.78,57.24
499,-106.64,20.25,56.41
500,-108.74,24.69,54.39
501,-104.93,29.09,53.03
502,-108.12,33.36,50.01
503,-107.54,36.72,47.4
504,-109.79,40.34,44.01
505,-105.48,46.09,39.04
506,-107.95,48.87,34.71
507,-103.45,51.17,32.72
508,-107.02,52.54,29.37
509,-103.15,54.81,26.39
510,-105.31,56.53,22.12
511,-104.47,59.1,14.94
512,-105.89,59.85,10.12
513,-102.6,61,6.77
514,-105.35,61,2.25
515,-106.07,60.78,-6.16
516,-105.12,60.78,-9.57
517,-104.06,60.47,-13.31
518,-104.88,59.55,-16.79
519,-103.45,57.97,-23.02
520,-104.85,53.47,-32.04
521,-105.56,51,-35.69
522,-109.07,48.14,-38.29
523,-105.8,46.52,-41.56
524,-105.25,41.03,-47.24
525,-101.5,38.38,-50.83
526,-103.91,35.03,-52.73
527,-100.37,32.11,-55.59
528,-106.48,25.72,-57.22
529,-103.2,22.32,-59.49
530,-108.43,13.99,-60.9
531,-104.23,9.86,-62.72
532,-106.01,3.82,-62.74
533,-97.25,2.93,60.72
534,-103.24,6.6,59.85
535,-100.46,11.93,59.37
536,-103.93,15.23,58.4
537,-101.88,20.58,57
538,-103.16,25.07,55.11
539,-99.3,29.19,53.62
540,-102.38,33.15,51.07
541,-101.22,36.58,48.84
542,-103.52,39.84,45.65
543,-99.12,45.38,40.93
544,-101.86,48.44,36.89
545,-97.36,52.1,33.16
546,-99.88,53.53,29.7
547,-98.74,57.01,23.44
548,-103.53,58.07,18.76
549,-97.54,60.07,15.53
550,-99.67,60.68,11.95
551,-98.38,62.23,4.64
552,-102.8,61.86,-1.07
553,-100.04,62.36,-5.09
554,-98.77,62.17,-9.39
555,-98.53,60.82,-16.86
556,-99.89,59.66,-20.23
557,-99.37,57.83,-25.78
558,-100.7,56.18,-28.79
559,-100.05,53.03,-34.88
560,-102.24,49.85,-38.77
561,-100.21,47.78,-41.93
562,-102.93,44.5,-44.88
563,-100.07,41.51,-48.46
564,-97.95,35.61,-54.06
565,-96.4,30.19,-57.97
566,-101.8,27.75,-57.55
567,-99.05,20.5,-61.33
568,-104.35,16.66,-61.15
569,-99.56,9.2,-64.19
570,-100.45,4.05,-64.29
571,-92.54,1.18,61.32
572,-97.49,8.3,60.41
573,-95.03,12.53,59.99
574,-99.44,16.52,58.62
575,-96.68,21.12,57.53
576,-97.83,25.17,55.81
577,-93.89,28.78,54.69
578,-96.33,32.87,52.02
579,-97.25,39.3,47.29
580,-98.52,42.36,44.29
581,-95.23,47.21,40.03
582,-96.92,49.88,36.5
583,-93.28,54.37,30.56
584,-95.81,55.9,26.8
585,-93.47,58.33,22.47
586,-97.07,58.9,19.18
587,-92.1,61.26,15.12
588,-96.66,61.67,9.22
589,-97.1,62.71,1.61
590,-96.27,62.95,-2.23
591,-94.16,63.04,-7.28
592,-97.48,61.84,-12.93
593,-92.75,61.94,-15.4
594,-95.02,59.51,-23.41
595,-94,57.91,-28.22
596,-98.42,55.14,-31.82
597,-92.99,53.58,-37
598,-97.2,51.49,-38.38
599,-94.23,47.58,-44.31
600,-97.15,44.87,-45.92
601,-94.08,41.99,-50.08
602,-95.19,38.69,-52.52
603,-92.29,28.05,-60.36
604,-98.24,25.23,-59.78
605,-94.73,18.8,-63.29
606,-100.77,14.86,-62.54
607,-91.5,12.66,-65.91
608,-96.87,1.71,-65.67
609,-89.89,4.68,61.57
610,-93.29,6.77,61.05
611,-90.61,11.22,60.74
612,-93.88,17.3,59.15
613,-90.68,20.71,58.43
614,-92.41,24.69,56.75
615,-90.95,32.1,53.3
616,-94.85,35.95,50.22
617,-90.37,37.81,49.55
618,-91.92,40.89,46.86
619,-89.51,45.67,42.76
620,-90.26,48.75,39.15
621,-88.87,53.38,33.11
622,-90.35,56.53,27.45
623,-87.93,58.08,24.66
624,-90.79,59.96,19.34
625,-90.98,61.89,12.25
626,-91.9,62.69,7.77
627,-90.51,63.34,4.84
628,-90.59,63.53,1.22
629,-90.47,63.55,-5.33
630,-91.22,63.01,-11.63
631,-89.53,62.03,-18.63
632,-93.21,60.75,-20.47
633,-89.91,59.63,-26.42
634,-92.11,55.48,-34.07
635,-87.37,54.29,-38.35
636,-93.3,50.13,-41.68
637,-88.26,47.61,-46.39
638,-91.2,44.72,-48.51
639,-89.08,40.06,-53.48
640,-93.18,33.81,-56.98
641,-88.88,31.42,-59.59
642,-93.48,23.52,-61.88
643,-88.78,22.02,-63.98
644,-96.03,14.29,-64.13
645,-87.95,9.79,-67.54
646,-92.26,5.2,-66.83
647,-83.32,5.8,62.11
648,-86.47,8.73,61.5
649,-85.05,13.48,60.89
650,-89.31,15.83,60
651,-86.77,24.02,57.71
652,-88.45,28.02,55.81
653,-85.05,30.69,54.72
654,-87.94,34.7,52.12
655,-85.11,38.69,49.58
656,-87.12,42.05,46.45
657,-85.19,47.26,41.59
658,-86.2,50.53,37.78
659,-83.44,53,34.7
660,-86.1,55.37,30.44
661,-85.71,59.57,22.16
662,-86.33,61.07,17.54
663,-83.57,62.24,14.95
664,-86.6,62.9,10.69
665,-85.25,64.03,5.13
666,-89.41,63.78,-1.94
667,-83.99,64.85,-5.04
668,-87.66,63.79,-9.57
669,-85.06,63.36,-16.86
670,-87.24,61.14,-23.7
671,-84.6,59.89,-28.88
672,-91.24,57.2,-31.05
673,-85.21,56.71,-34.89
674,-88.87,51.39,-41.83
675,-84.69,49.56,-45.54
676,-86.5,43.12,-51.46
677,-83.25,40.43,-54.9
678,-90.42,36.66,-55.75
679,-85.06,33.53,-59.59
680,-87.42,26.53,-62.74
681,-82.89,23.44,-65.29
682,-89.78,17.77,-65.16
683,-86.44,5.21,-68.49
684,-90.03,0.93,-67.65
685,-79.26,2.99,62.66
686,-81.37,10.51,61.71
687,-78.24,13.89,61.66
688,-85.63,19.39,59.41
689,-81.63,22.15,58.96
690,-82.42,26.46,57.08
691,-80.46,31.4,54.81
692,-82.92,35.13,52.52
693,-81.22,40.33,48.73
694,-83.5,44.02,45.27
695,-80.29,47.98,41.59
696,-80.64,50.49,38.49
697,-78.6,53.51,35.04
698,-83.08,57.43,27.36
699,-79.87,59.73,23.78
700,-81.12,61.04,19.89
701,-79.52,63.08,14.26
702,-82.87,63.73,9.3
703,-81.55,65.07,2.63
704,-84.08,64.71,-0.3
705,-82.59,65.04,-8.25
706,-85.38,63.84,-13.69
707,-79.68,65.06,-14.91
708,-83.55,62.52,-22.23
709,-80.53,61.6,-26.83
710,-84.21,58.54,-31.94
711,-81.42,55.76,-38.17
712,-83.35,53.12,-41.43
713,-79.87,50.68,-45.67
714,-83.6,45.92,-49.56
715,-79.66,43.53,-53.18
716,-84.49,36.9,-57.39
717,-79.98,31.69,-62.06
718,-83.39,28.58,-62.84
719,-83.83,19.28,-66.51
720,-80.8,13.62,-68.75
721,-81.87,8.86,-69.35
722,-83.53,1.37,-69.66
723,-74.51,1.36,62.96
724,-77.55,7.23,62.4
725,-74.57,10.65,62.33
726,-76.88,18.67,60.48
727,-76.85,22.62,59.21
728,-78.12,27.33,57.12
729,-75.95,32.53,54.68
730,-78.52,36.5,51.92
731,-76.63,41.15,48.42
732,-79.05,44.67,45.24
733,-75.11,47.05,43.57
734,-75.43,50.72,39.64
735,-75.3,55.64,32.48
736,-77.82,58.29,27.03
737,-74.15,61.26,22.81
738,-76.59,62.26,18.81
739,-76.55,64.44,11.84
740,-78.87,64.95,7.1
741,-76.17,66.27,2.42
742,-79.22,65.9,-2.48
743,-76.41,66.56,-6.33
744,-78.94,65.72,-10.89
745,-76.07,65.39,-17.9
746,-79.96,63.85,-20.36
747,-76.78,61.14,-29.96
748,-78.29,59.17,-33.55
749,-76.95,57.44,-37.07
750,-77.91,53.26,-43.02
751,-75.1,49.46,-48.3
752,-78.76,47.05,-50.01
753,-77.22,40.7,-56.28
754,-79.09,37.09,-58.81
755,-76.76,34.13,-61.59
756,-78.28,26.23,-65.09
757,-76.51,22.68,-67.08
758,-78.89,18.36,-68.12
759,-76.1,10.04,-70.67
760,-79.28,5.07,-70.33
761,-69.07,2.58,63.34
762,-72.65,5.79,62.96
763,-70.18,11.99,62.42
764,-72.91,15.85,61.45
765,-70.93,20.78,60.27
766,-73.22,29.12,56.7
767,-71.32,33.94,54.25
768,-74.58,37.53,51.67
769,-71.14,40.63,50
770,-72.91,44.03,46.81
771,-71.16,48.93,42.42
772,-73.25,52.92,37.19
773,-70.05,55.46,34.53
774,-73.21,57.79,29.69
775,-71.78,60.37,25.73
776,-72.97,63.73,16.82
777,-71.62,65.33,12.14
778,-74.16,65.96,7.27
779,-71.02,67.28,3.86
780,-74.35,66.94,-1.66
781,-71.92,67.3,-7.19
782,-74.19,66.52,-11.91
783,-71.46,66.28,-16.17
784,-72.6,65.01,-21.32
785,-73.14,62.97,-27.38
786,-72.64,60.25,-33.8
787,-70.62,58.02,-38.65
788,-74.71,55.65,-40.86
789,-70.24,49.46,-50.05
790,-73.67,45.68,-52.94
791,-72.46,42.54,-55.98
792,-73.07,38.01,-59.58
793,-71.58,32.47,-63.61
794,-74.54,28.98,-64.88
795,-72.74,20.13,-68.7
796,-74.88,14.59,-69.96
797,-71.6,7.9,-71.85
798,-74.28,3.53,-71.71
799,-64.58,2.68,63.65
800,-67.92,7.71,63.1
801,-65.44,13.23,62.52
802,-67.96,17.39,61.43
803,-66.96,23.58,59.62
804,-68.05,27.91,57.73
805,-67.45,32.22,55.78
806,-68.21,37.27,52.75
807,-66.16,41.42,50.06
808,-68.58,45.24,46.48
809,-66.71,49.61,42.6
810,-68.19,52.69,38.8
811,-65.69,56.38,34.72
812,-68.17,58.64,30.33
813,-67.38,62.18,23.56
814,-69.31,63.5,19.76
815,-67.64,65.25,14.69
816,-68.33,66.67,8.73
817,-66.72,67.81,2.67
818,-69.51,67.81,-1.79
819,-67.41,68.13,-6.94
820,-68.79,67.42,-12.18
821,-67.12,66.72,-17.94
822,-69.17,64.91,-23.59
823,-67.56,63.77,-28
824,-69.39,61.95,-31.77
825,-67.19,59.46,-37.26
826,-69,55.22,-43.25
827,-66.97,52.05,-47.94
828,-68.08,46.47,-53.93
829,-67.32,42.66,-57.38
830,-69.51,37.79,-60.6
831,-67.44,32.92,-64.28
832,-70.84,26.49,-66.77
833,-68.55,22.63,-68.81
834,-70.13,15.42,-70.78
835,-67.83,10.65,-72.14
836,-68.8,2.45,-72.69
837,-60.17,2.26,64.02
838,-63.57,8.16,63.36
839,-61.54,14.22,62.73
840,-63.71,19.57,61.18
841,-61.91,24.04,59.86
842,-63.31,28.69,57.97
843,-62.51,33.53,55.83
844,-63.63,37.24,53.43
845,-62.22,42.71,49.63
846,-64.45,46.42,46.14
847,-61.48,50.3,42.76
848,-63.28,53.2,39.04
849,-61.87,57.74,33.24
850,-65.04,60.2,28.28
851,-62.79,62.3,23.98
852,-64.38,64.54,18.49
853,-62.77,66.12,13.78
854,-64.51,67.13,8.77
855,-62.01,68.09,3.92
856,-64.49,68.47,-2.24
857,-62.28,68.87,-7.46
858,-64.21,68.09,-12.15
859,-62.76,67.6,-17.55
860,-64.69,66.02,-22.62
861,-63.12,64.43,-28.26
862,-64.15,62.12,-33.22
863,-62.71,59.6,-38.63
864,-64.93,56.37,-42.79
865,-63.09,52.38,-48.31
866,-64.12,48.26,-52.62
867,-62.56,43.87,-57.13
868,-64.93,39.07,-60.44
869,-63.36,34.55,-63.75
870,-65.92,28.25,-66.98
871,-63.8,22.19,-69.68
872,-65.78,16.96,-70.9
873,-63.53,10.29,-72.76
874,-65.06,4.29,-73.21
875,-55.9,3.58,64.31
876,-59.48,7.64,63.74
877,-57.36,11.5,63.38
878,-59.37,18.22,62
879,-57.9,23.74,60.36
880,-58.62,29.22,58.05
881,-58.05,33.74,55.96
882,-59.63,39.13,52.75
883,-57.31,42.79,49.99
884,-59.86,46.66,46.47
885,-57.17,50.68,42.72
886,-59.56,54.69,37.69
887,-57.51,58.07,33.19
888,-60.1,60.23,28.69
889,-57.86,62.54,24.42
890,-59.85,64.41,19.69
891,-58.12,66.21,14.56
892,-59.42,67.35,9.63
893,-58.27,68.53,3.83
894,-60.15,68.87,-1.91
895,-57.4,69.17,-7.27
896,-59.62,68.5,-12.78
897,-58.21,67.81,-18.53
898,-60.41,66.37,-23.28
899,-58.99,64.66,-28.91
900,-60.2,62.13,-34.38
901,-58.11,59.45,-39.66
902,-60.93,56.28,-43.9
903,-58.76,52.76,-48.44
904,-60.14,48.49,-53
905,-58.51,44,-57.23
906,-60.21,38.84,-61.22
907,-59.14,33.27,-65.24
908,-61.83,28.36,-67.46
909,-59.39,23.09,-70.02
910,-61.28,16.83,-71.67
911,-59.44,10.72,-73.38
912,-61.11,3.45,-74.02
913,-51.75,2.37,64.55
914,-53.91,8.08,64.04
915,-51.26,13.18,63.47
916,-54.86,20.2,61.74
917,-52.16,23.63,60.77
918,-54.82,27.84,58.99
919,-53.58,33.06,56.51
920,-55.56,37.65,53.87
921,-53.3,42.73,50.32
922,-55.31,47.05,46.57
923,-52.86,50.98,42.59
924,-55.69,54.37,38.68
925,-53.17,57.71,33.86
926,-55.3,60.8,28.68
927,-52.67,62.89,24.65
928,-55.3,64.74,19.93
929,-53.83,66.58,14.43
930,-54.87,67.84,8.72
931,-53.58,68.84,2.83
932,-55.73,69.24,-1.98
933,-53.26,69.5,-7.89
934,-55.43,68.83,-13.27
935,-54.06,67.97,-19.27
936,-56.09,66.39,-24.44
937,-54.58,64.59,-30.01
938,-55.83,62.52,-34.46
939,-54.12,59.83,-39.47
940,-56.27,56.16,-44.61
941,-54.31,52.65,-49.21
942,-55.97,49.02,-52.97
943,-54.49,44.19,-57.61
944,-56.44,38.97,-61.84
945,-54.9,34.16,-65.2
946,-57.12,28.67,-68
947,-55.31,22.34,-70.84
948,-56.9,16.38,-72.62
949,-55.34,9.18,-74.3
950,-57.29,3.26,-74.67
951,-47.66,2.33,64.73
952,-50.04,7.8,64.25
953,-47.25,13.93,63.6
954,-50.06,18.55,62.4
955,-48.21,24.05,60.63
956,-50.68,29.43,58.5
957,-49.2,34.16,56.14
958,-51.45,38.33,53.51
959,-49.06,42.27,50.78
960,-51.07,47.02,46.75
961,-49.12,51.37,42.47
962,-51.41,55.03,38.03
963,-48.15,57.75,34.17
964,-50.87,60.18,30.03
965,-48.83,63.12,24.51
966,-51.01,65.19,19.29
967,-49.12,66.76,14.28
968,-51.02,68.02,8.55
969,-49.08,69.2,3.12
970,-51.07,69.48,-2.09
971,-49.32,69.59,-8.01
972,-51.38,69,-14.19
973,-49.74,68.15,-19.79
974,-51.92,66.56,-24.95
975,-50.23,64.96,-30.06
976,-51.22,62.44,-35.34
977,-49.35,59.91,-40.04
978,-52.27,56.99,-44.17
979,-50.51,53.33,-48.87
980,-51.81,48.17,-54.24
981,-50.07,44.24,-58.38
982,-52.17,39.83,-61.77
983,-51.04,33.64,-66.1
984,-52.9,28.15,-68.83
985,-51.06,22.36,-71.33
986,-52.89,15.88,-73.26
987,-51.19,9.33,-74.73
988,-52.5,2.95,-75.05
989,-43.62,2.74,64.88
990,-46.26,8.07,64.36
991,-43.25,12.94,63.84
992,-45.98,19.38,62.32
993,-44.19,24.67,60.6
994,-46.54,29.18,58.66
995,-44.35,33.24,56.79
996,-46.67,37.7,54.04
997,-45.32,42.97,50.36
998,-47.29,47.02,46.83
999,-44.8,50.66,43.28
1000,-46.96,54.52,38.75
1001,-43.92,57.61,34.57
1002,-46.61,60.69,29.28
1003,-44.63,63.47,23.9
1004,-46.48,65.37,18.98
1005,-44.39,67.02,14
1006,-46.73,68,9.3
1007,-45.08,69.2,3.55
1008,-46.94,69.81,-2.56
1009,-45.27,69.77,-8.64
1010,-47.47,69.23,-13.82
1011,-45.56,68.49,-19.16
1012,-47.5,66.98,-24.89
1013,-45.74,65.51,-29.67
1014,-47.25,63.1,-34.67
1015,-45.38,60.16,-40.08
1016,-47.92,56.72,-45.04
1017,-45.63,53.37,-49.42
1018,-48.3,50.04,-52.74
1019,-45.75,42.58,-60.23
1020,-48.59,38.45,-63.28
1021,-46.53,33.53,-66.78
1022,-48.52,28.39,-69.15
1023,-46.89,22.56,-71.86
1024,-48.85,16.33,-73.66
1025,-47.16,9.95,-75.13
1026,-47.88,3.18,-75.76
1027,-39.54,2.93,64.91
1028,-42.05,7.94,64.46
1029,-39.12,13.2,63.91
1030,-42.07,18.25,62.66
1031,-40.44,23.14,61.24
1032,-41.71,29.3,58.79
1033,-40.22,34.49,56.3
1034,-42.86,38.71,53.33
1035,-41.29,43.56,49.96
1036,-42.85,47.46,46.46
1037,-39.9,51.29,42.74
1038,-42.72,53.9,39.41
1039,-40.19,58.16,33.87
1040,-42.71,60.97,29.24
1041,-40.4,63.31,24.67
1042,-41.92,65.45,19.05
1043,-40.29,67.38,13.65
1044,-42.39,68.55,8.05
1045,-40.71,69.6,2.18
1046,-43.1,69.83,-2.64
1047,-41.19,70.01,-8.44
1048,-42.99,69.46,-14.17
1049,-40.77,68.96,-18.94
1050,-43.06,67.59,-23.69
1051,-41.94,65.81,-29.44
1052,-43.17,63.13,-35.19
1053,-41.37,60.61,-39.77
1054,-43.77,57.09,-44.9
1055,-41.33,53.15,-49.86
1056,-43.04,49.69,-53.75
1057,-41.67,44.13,-59.31
1058,-43.93,38.53,-63.75
1059,-42.27,33.45,-67.36
1060,-44.16,27.98,-70.02
1061,-42.32,22.83,-72.27
1062,-44.6,16.95,-73.97
1063,-43.1,10.4,-75.56
1064,-43.69,3.4,-76.18
1065,-35.38,3.17,65.23
1066,-37.56,8.08,64.66
1067,-35.22,13.75,63.87
1068,-37.82,18.63,62.71
1069,-35.65,23.2,61.42
1070,-38.22,27.68,59.68
1071,-36.53,32.92,57.23
1072,-38.64,38.53,53.6
1073,-37.48,42.96,50.73
1074,-38.7,47.76,46.5
1075,-35.65,51.36,42.88
1076,-38.86,55.12,38.42
1077,-35.73,58.49,33.89
1078,-38.14,60.96,29.54
1079,-36,63.45,24.92
1080,-38.03,65.54,19.62
1081,-36.49,67.54,13.71
1082,-38.29,68.77,7.9
1083,-36.59,69.76,2.23
1084,-38.81,70.15,-3.54
1085,-36.45,70.33,-8.48
1086,-38.63,69.95,-13.32
1087,-36.76,69.17,-18.95
1088,-39.17,67.46,-25.03
1089,-37.11,66.01,-30.01
1090,-39.14,63.82,-34.12
1091,-37.7,60.29,-40.89
1092,-39.83,56.93,-45.15
1093,-37.57,53.24,-50.21
1094,-39.66,47.92,-55.87
1095,-37.31,43.77,-60.28
1096,-40.02,39.71,-63.28
1097,-38.41,35.28,-66.66
1098,-39.59,28.93,-70.15
1099,-38.22,23.2,-72.56
1100,-40.51,16.67,-74.47
1101,-39.25,9.84,-76.02
1102,-39.99,2.72,-76.56
1103,-31.64,3.08,65.33
1104,-33.48,8.55,64.82
1105,-31.22,13.67,64.11
1106,-33.49,19.07,62.7
1107,-31.32,24.53,61.18
1108,-34.25,28.77,59.41
1109,-31.21,34.98,56.38
1110,-34.3,36.49,55.16
1111,-31.63,45.58,48.97
1112,-34.83,46.97,47.28
1113,-32.29,51.03,43.69
1114,-34.99,55.19,38.4
1115,-31.22,58.31,34.56
1116,-33.53,61.09,29.85
1117,-32.04,63.79,24.31
1118,-34.18,65.95,19.24
1119,-32.62,67.82,13.46
1120,-34.28,69.16,7.66
1121,-32.11,70.09,2.63
1122,-34.48,70.37,-2.57
1123,-32.55,70.64,-8.41
1124,-34.22,70.14,-14.43
1125,-32.36,69.37,-19.56
1126,-35.27,68.06,-24.17
1127,-33.13,66.66,-28.83
1128,-35.79,63.23,-36.24
1129,-33.6,60.83,-40.96
1130,-35.77,57,-45.82
1131,-33.21,54.21,-50.05
1132,-36.35,49.74,-54.4
1133,-33.96,45.6,-59.11
1134,-35.15,39.74,-63.92
1135,-34.1,35.48,-67.08
1136,-35.98,29.95,-69.98
1137,-34.05,24.01,-72.68
1138,-36.46,17.62,-74.59
1139,-35.63,11.4,-76.12
1140,-36.06,3.5,-76.93
1141,-27.49,3.08,65.48
1142,-29.46,8.35,65.1
1143,-27.32,13.32,64.42
1144,-29.6,18.95,63.01
1145,-27.98,24.57,61.46
1146,-30.73,30.07,59.11
1147,-27.27,32.37,58.09
1148,-27.95,37.6,55.07
1149,-27.36,43.52,50.75
1150,-29.24,48.45,46.5
1151,-28.41,52.6,42.23
1152,-31.11,55.1,39.01
1153,-27.6,58.74,34.31
1154,-29.77,61.7,29.05
1155,-28.03,64.53,23.62
1156,-30.08,66.22,18.73
1157,-28.15,67.9,14.16
1158,-30.07,69.14,8.81
1159,-28.31,70.19,3.12
1160,-30.32,70.66,-3.23
1161,-28.11,70.95,-8.74
1162,-30.32,70.48,-13.63
1163,-28.34,69.76,-19.07
1164,-30.61,68.31,-24.6
1165,-28.82,66.7,-30.5
1166,-30.17,63.23,-37.57
1167,-28.92,60.57,-42.39
1168,-31.77,58.18,-45.28
1169,-29.36,54.22,-50.65
1170,-32.51,50.2,-54.77
1171,-27.36,45.63,-59.92
1172,-30.57,39.29,-64.74
1173,-29.82,34.1,-68.29
1174,-31.92,29.2,-70.67
1175,-29.28,24.08,-73.26
1176,-32.06,18.73,-74.52
1177,-28.41,9.91,-76.88
1178,-32.67,4.76,-77.28
1179,-23.57,2.83,65.71
1180,-25.31,8.29,65.22
1181,-23.61,13.94,64.55
1182,-25.97,18.92,63.21
1183,-23.47,22.84,62.28
1184,-25.46,27.97,60.21
1185,-23.88,34.34,57.21
1186,-24.47,39.43,54.06
1187,-23.53,44.11,50.79
1188,-25.64,47.81,47.17
1189,-24.53,51.73,43.59
1190,-26.37,55.66,38.68
1191,-23.88,59.51,33.57
1192,-26.15,62.16,28.98
1193,-23.72,64.29,24.65
1194,-25.59,66.26,19.53
1195,-24.25,68.18,14.11
1196,-25.95,69.41,8.56
1197,-24.19,70.47,2.9
1198,-26.54,71.08,-2.6
1199,-24.23,71.16,-7.99
1200,-25.96,70.73,-14.31
1201,-24.42,69.73,-20.55
1202,-26.83,68.44,-25.29
1203,-24.14,66.81,-30.76
1204,-26.92,65.03,-34.51
1205,-25.66,62.07,-40.54
1206,-27.35,57.13,-47.55
1207,-24.24,54.65,-50.86
1208,-25.72,51.05,-54.68
1209,-24.2,45.36,-60.42
1210,-26.87,39.77,-64.71
1211,-25.2,35.47,-67.76
1212,-27.33,29.65,-70.84
1213,-25.2,22.72,-73.95
1214,-27.91,17.78,-75.23
1215,-25.28,11.74,-76.93
1216,-29.19,3.21,-77.6
1217,-19.42,3.59,65.86
1218,-21.54,8.3,65.49
1219,-19.68,12.98,64.92
1220,-21.29,18.47,63.62
1221,-19.71,24.68,61.88
1222,-21.73,28.81,60.03
1223,-20.37,33.72,57.75
1224,-20.92,38.97,54.52
1225,-19.78,43.98,51.1
1226,-21.45,48.07,47.4
1227,-21.03,52.29,43.2
1228,-22.82,55.94,38.74
1229,-20.05,57.78,36.55
1230,-21.76,61.94,29.77
1231,-19.96,64.39,24.83
1232,-21.61,66.69,19.35
1233,-20.14,68.59,13.72
1234,-21.99,69.76,8.52
1235,-20.06,70.65,2.94
1236,-22.33,71.07,-2.53
1237,-20.21,71.35,-8.4
1238,-22.41,70.93,-13.87
1239,-20.97,70.14,-19.72
1240,-22.78,68.38,-26.38
1241,-19.28,67.5,-29.39
1242,-23.13,64.05,-37.02
1243,-20.73,61.78,-40.94
1244,-20.87,58.17,-46.41
1245,-20.42,54.4,-51.19
1246,-22.06,50.1,-55.77
1247,-20.56,45.87,-60.1
1248,-22.89,40.53,-64.55
1249,-21.13,35.16,-68.17
1250,-23.79,29.7,-70.99
1251,-21.37,24.82,-73.3
1252,-23.28,17.44,-75.7
1253,-19.65,12.31,-76.95
1254,-25.06,2.52,-78
1255,-15.61,2.65,66.15
1256,-17.02,8.19,65.79
1257,-16.22,14.3,64.87
1258,-17.93,19.49,63.55
1259,-15.88,24.51,62.03
1260,-17.35,29.51,59.89
1261,-16.73,34.59,57.44
1262,-17.42,39.42,54.5
1263,-15.36,43.3,51.86
1264,-17.4,47.2,48.34
1265,-14.17,52.32,43.55
1266,-17.64,55.55,39.51
1267,-15.48,59.72,34.01
1268,-18.64,60.79,32
1269,-14.71,65.32,23.12
1270,-17.92,66.47,20.15
1271,-16.62,68.4,14.36
1272,-17.69,70.03,7.83
1273,-15.92,71.04,1.58
1274,-18.37,71.28,-3.02
1275,-16.38,71.44,-9.31
1276,-18.47,71.01,-14.62
1277,-16.36,70.28,-19.39
1278,-18.84,69.26,-23.92
1279,-15.71,66.89,-30.71
1280,-16.87,64.45,-36.23
1281,-17.42,61.89,-41.03
1282,-17.08,58.31,-46.37
1283,-16.37,54.59,-51.23
1284,-18.14,50.57,-55.49
1285,-16.87,45.61,-60.44
1286,-19.14,40.52,-64.56
1287,-16.96,35.79,-67.96
1288,-19.35,30.24,-71.02
1289,-17,24.03,-73.71
1290,-19.65,18.94,-75.47
1291,-16.2,12.09,-77.23
1292,-16.65,4.55,-78.2
1293,-12.07,3.27,66.14
1294,-13.57,9.24,65.74
1295,-11.89,13.86,65.06
1296,-14.07,18.79,63.91
1297,-12.31,23.91,62.34
1298,-13.51,29.44,60.11
1299,-13.29,34.64,57.56
1300,-13.14,39.62,54.5
1301,-11.53,44.62,50.85
1302,-13.97,48.18,47.65
1303,-10.92,52.22,43.81
1304,-14.42,56.44,38.66
1305,-11.48,59.59,34.42
1306,-13.32,62.39,29.62
1307,-11.17,65.15,24.12
1308,-13.7,67.52,17.52
1309,-11.75,68.9,13.17
1310,-14.37,69.96,8.56
1311,-12.37,70.93,3.07
1312,-14.28,71.38,-4.28
1313,-11.66,71.51,-8.65
1314,-14.1,71.03,-14.07
1315,-12.64,70.14,-20.37
1316,-14.93,68.89,-25.43
1317,-12.19,66.93,-30.82
1318,-13.5,64.34,-37.01
1319,-12.26,61.73,-41.7
1320,-13.96,59.26,-45.26
1321,-13.18,53.94,-52.22
1322,-14.35,49.39,-57.08
1323,-12.51,45.14,-61.13
1324,-15.18,41.02,-64.44
1325,-13.13,35.52,-68.45
1326,-15.51,29.78,-71.41
1327,-12.89,24.11,-73.91
1328,-15.18,18.14,-75.79
1329,-12.49,11.13,-77.71
1330,-13.7,3.69,-78.3
1331,-7.78,3.21,66.33
1332,-9.88,7.63,65.97
1333,-8.13,12.44,65.49
1334,-10.22,18.79,63.92
1335,-8.75,24.69,62.17
1336,-9.96,29.64,60.06
1337,-6.38,34.11,58.05
1338,-9.65,39.92,54.48
1339,-7.38,43.8,51.65
1340,-9.82,48.01,48.03
1341,-7.36,52.21,43.98
1342,-10.87,56.16,39.19
1343,-7.72,59.68,34.53
1344,-9.61,62.62,29.51
1345,-7.28,64.8,25.31
1346,-9.73,67.01,19.3
1347,-7.86,68.72,14.39
1348,-9.88,70.17,8.06
1349,-8.09,71.14,2.63
1350,-10.61,71.46,-2.29
1351,-8.07,71.65,-8.79
1352,-10.34,71.04,-14.99
1353,-8.63,70.19,-20.59
1354,-10.85,68.87,-25.69
1355,-8.17,67.14,-30.81
1356,-10.01,65.01,-35.91
1357,-8.08,62.54,-40.47
1358,-8.94,59.44,-45.3
1359,-8.21,54.09,-52.12
1360,-10.72,50.46,-56.2
1361,-8.95,46.16,-60.37
1362,-11.24,40.37,-65.2
1363,-8.94,34.93,-68.88
1364,-11.4,30.15,-71.23
1365,-9.22,24.25,-73.99
1366,-11.25,17.45,-76.28
1367,-8.84,10.94,-77.64
1368,-10.17,3.63,-78.39
1369,-3.87,3.38,66.45
1370,-5.39,8.22,66.02
1371,-4.12,13.6,65.37
1372,-7.13,17.82,64.31
1373,-2.74,26.33,61.88
1374,-6.12,29.34,60.4
1375,-3.04,35.89,57.2
1376,-5.89,39.41,54.91
1377,-3.78,44.59,51.2
1378,-6.03,48.36,47.95
1379,-3.65,52.18,44.18
1380,-3.96,56.1,39.62
1381,-3.6,59.44,35.19
1382,-5.54,62.07,30.6
1383,-3.68,64.9,25.08
1384,-5.99,67.08,19.83
1385,-3.87,68.94,14.37
1386,-6.2,70.06,9.14
1387,-4.5,71.15,3.15
1388,-6.61,71.59,-3.31
1389,-4.13,71.75,-8.94
1390,-6.47,71.26,-14.84
1391,-4.6,70.54,-20.18
1392,-6.64,69.02,-25.82
1393,-4.06,67.32,-30.97
1394,-5.76,64.91,-36.03
1395,-4.24,62.01,-41.41
1396,-5.54,58.56,-46.61
1397,-4.9,54.73,-51.41
1398,-6.72,49.93,-56.52
1399,-5.45,44.23,-62.08
1400,-7.8,40.58,-65.17
1401,-4.95,36.34,-68.26
1402,-7.07,29.9,-71.64
1403,-5.11,24.13,-74.21
1404,-7.48,18.27,-76.17
1405,-5.28,10.94,-77.73
1406,-6.72,3.84,-78.45
1407,-0.07,3.42,66.49
1408,-1.53,8.89,66.01
1409,-0.25,14.62,65.31
1410,-3.1,18.79,64.16
1411,1.12,26.27,62.01
1412,-2.03,30.87,59.89
1413,0.54,35.07,57.98
1414,-2.01,40.73,54.26
1415,0.17,45.06,51
1416,-1.92,48.71,47.87
1417,0.08,52.94,43.67
1418,-0.19,56.39,39.42
1419,0.2,59.73,34.82
1420,-1.85,62.61,30.11
1421,0.15,65.37,24.76
1422,-2.07,67.22,19.72
1423,-0.04,69.08,14.16
1424,-2.27,70.39,8.54
1425,-0.43,71.33,2.62
1426,-2.73,71.81,-2.5
1427,-0.53,71.82,-8.15
1428,-2.41,71.32,-14.78
1429,-0.34,70.59,-20.46
1430,-2.7,69.3,-25.42
1431,-0.47,67.41,-31.19
1432,-1.95,64.88,-36.9
1433,-0.24,61.9,-42.15
1434,-1.98,58.78,-46.58
1435,-0.19,55.52,-50.79
1436,-2.14,52.02,-54.51
1437,-0.47,45.42,-61.15
1438,-2.83,40.78,-64.94
1439,-0.89,35.59,-68.7
1440,-3.36,30.62,-71.35
1441,-1.52,24.19,-74.29
1442,-3.77,17.07,-76.35
1443,-1.46,9.61,-77.9
1444,-3.18,3.4,-78.57
1445,3.76,3.87,66.57
1446,1.89,9.46,66.09
1447,4.26,13.8,65.55
1448,2.66,18.3,64.49
1449,4.04,24.69,62.57
1450,2.51,31.49,59.9
1451,5.23,34.13,58.46
1452,1.51,40.07,54.78
1453,3.41,45.41,50.89
1454,2.1,49.71,47.11
1455,4.21,52.82,43.85
1456,3.46,56.36,39.58
1457,4.09,59.72,34.91
1458,1.94,62.75,29.89
1459,3.97,65.27,25.06
1460,1.78,67.43,19.56
1461,3.76,69.23,13.89
1462,1.53,70.33,8.4
1463,3.51,71.4,3.27
1464,1.6,71.85,-2.79
1465,3.2,71.99,-9.42
1466,1.27,71.46,-14.76
1467,3.81,70.61,-20.49
1468,1.3,69.29,-25.93
1469,3.48,67.54,-31.42
1470,1.64,64.95,-36.61
1471,3.38,62.21,-41.81
1472,2.44,58.75,-46.97
1473,3.31,54.28,-52.5
1474,1.43,50.36,-56.69
1475,3.32,47.05,-59.98
1476,1.08,41.32,-64.74
1477,2.81,36.07,-68.33
1478,0.59,29.73,-71.83
1479,2.19,23.16,-74.54
1480,-0.3,17.23,-76.46
1481,1.93,10.15,-77.76
1482,0.92,2.78,-78.56
1483,8.13,2.42,66.77
1484,5.73,8.05,66.37
1485,7.93,15.75,65.31
1486,6,20.38,64.09
1487,8.46,24.79,62.55
1488,6.3,28.76,60.96
1489,8.57,33.79,58.59
1490,7.55,39.44,55.41
1491,9.64,44.9,51.24
1492,6.3,49.22,47.5
1493,8.05,52.78,44.03
1494,6.98,56.56,39.39
1495,8.14,59.87,34.88
1496,5.77,62.55,30.59
1497,7.53,65.16,25.29
1498,5.51,67.55,19.65
1499,7.59,68.9,15.05
1500,5.83,70.35,8.89
1501,7.21,71.48,2.76
1502,5.16,71.78,-3.21
1503,7.02,71.93,-8.82
1504,5.35,71.52,-15.04
1505,8.01,70.74,-20.2
1506,5.28,69.38,-25.75
1507,7.37,67.62,-31.17
1508,5.64,65.25,-36.4
1509,7.01,62.51,-41.57
1510,5.78,58.39,-47.59
1511,7.39,54.87,-51.73
1512,5.86,51.21,-55.83
1513,6.64,45.28,-61.63
1514,4.8,41.16,-64.9
1515,6.74,35.95,-68.63
1516,4.21,30.21,-71.57
1517,5.82,24.84,-73.92
1518,3.67,16.9,-76.53
1519,5.47,9.27,-77.95
1520,4.9,3.1,-78.5
1521,12.82,2.84,66.62
1522,8.53,10.25,66.11
1523,11.76,15,65.31
1524,10.2,19.98,64.1
1525,12.49,24.67,62.59
1526,10.49,29.3,60.72
1527,12.12,34.44,58.15
1528,10.59,39.46,55.32
1529,12.87,44.05,51.98
1530,10.22,49.27,47.51
1531,12.28,52.79,43.74
1532,10.42,56.1,40.14
1533,11.69,59.56,35.37
1534,9.54,62.78,30.01
1535,11.74,65.05,25.44
1536,9.48,66.98,20.68
1537,11.23,68.98,14.62
1538,9.47,70.45,8.8
1539,11.09,71.35,2.96
1540,9.04,71.94,-2.92
1541,11.31,71.86,-8.38
1542,9.28,71.59,-14.07
1543,11.62,70.48,-20.43
1544,9.18,69.33,-25.84
1545,11.18,67.3,-31.44
1546,9.5,65.02,-36.63
1547,11.26,62.23,-41.47
1548,9.33,59.4,-45.87
1549,11.38,56.4,-49.61
1550,8.87,48.94,-58.05
1551,11.52,45.75,-60.88
1552,9.06,41.15,-64.74
1553,10.26,35.58,-68.78
1554,8.17,30.07,-71.6
1555,9.7,22.44,-74.66
1556,6.89,17.83,-76.19
1557,8.75,10.26,-77.63
1558,9.2,1.86,-78.55
1559,16.51,3.75,66.71
1560,13.65,10.81,66.13
1561,16.53,14.97,65.31
1562,14.23,19.23,64.34
1563,15.95,24.65,62.56
1564,14.25,30.13,60.41
1565,16.08,34.95,57.95
1566,14.16,39.23,55.41
1567,16.38,44.14,51.91
1568,13.73,48.45,48.17
1569,15.76,52.54,44.04
1570,14.08,56.68,39.3
1571,15.75,59.95,34.63
1572,13.29,62.42,30.64
1573,15.36,64.94,25.58
1574,13.34,67.38,19.75
1575,14.99,69.09,14.07
1576,13.34,70.4,8.67
1577,15.08,71.33,2.59
1578,13.03,71.77,-2.95
1579,15.44,71.69,-8.59
1580,13.06,71.43,-14.17
1581,15.16,70.39,-20.19
1582,13.2,68.91,-26.29
1583,15.38,67.06,-31.18
1584,13.4,64.8,-36.25
1585,14.64,61.45,-42.24
1586,14.28,58.18,-46.98
1587,15.45,54.14,-51.75
1588,13.76,50.31,-56.25
1589,14.96,45.52,-60.83
1590,12.76,40.53,-65.13
1591,15.19,36.54,-67.63
1592,13.29,32,-70.53
1593,16.02,26.12,-73.08
1594,14.39,14.55,-76.7
1595,16.16,9.44,-77.6
1596,14.23,2.67,-78.24
1597,20.14,3.54,66.61
1598,16.66,8.42,66.3
1599,19.63,13.48,65.59
1600,18.26,20.02,64.13
1601,19.79,25.24,62.31
1602,17.82,29.84,60.49
1603,19.75,34.46,58.19
1604,17.92,39.89,54.98
1605,19.96,44.82,51.27
1606,17.29,48.55,48
1607,19.35,52.5,43.94
1608,17.64,56.34,39.64
1609,19.59,59.11,35.64
1610,17.49,62.58,30.15
1611,19.17,64.92,25.35
1612,16.76,67.07,19.98
1613,18.73,69.09,13.35
1614,17.23,70.45,8.34
1615,19.01,71.11,2.85
1616,17.05,71.68,-3.28
1617,19.83,71.63,-8.78
1618,17.03,71.22,-14.2
1619,19.08,70.34,-20.06
1620,17.2,68.91,-25.63
1621,18.99,66.93,-31.33
1622,16.93,64.24,-37.16
1623,18.7,61.43,-41.81
1624,18.17,58.1,-46.67
1625,18.97,54.1,-51.5
1626,17.41,49.68,-56.44
1627,18.84,45.06,-60.93
1628,17.26,41.02,-64.5
1629,19.32,35.85,-67.97
1630,17.77,30.86,-70.78
1631,20.27,25.36,-73.08
1632,17.8,19.82,-75.18
1633,20.3,9.05,-77.37
1634,18.48,2.89,-78.13
1635,23.75,3.66,66.48
1636,21.05,8.62,66.19
1637,23.26,14.43,65.32
1638,21.57,19.48,64.22
1639,23.32,24.31,62.61
1640,21.98,29.95,60.53
1641,23.4,35.12,57.71
1642,21.21,39.45,55.17
1643,23.39,43.5,52.19
1644,21.27,48.84,47.73
1645,23.3,52.35,44.23
1646,21.6,55.92,39.99
1647,23.42,59.57,35.06
1648,21.12,62.06,30.93
1649,23.46,64.06,27.1
1650,20.15,67.58,18.67
1651,23.27,68.99,14.03
1652,21.56,70.06,9.14
1653,22.53,71.04,3.16
1654,21.06,71.66,-2.95
1655,23.59,71.59,-8.29
1656,21.03,71.13,-14.61
1657,23.31,70.19,-20.13
1658,20.96,68.85,-25.49
1659,22.87,66.94,-30.67
1660,20.83,64.5,-36.23
1661,22.49,61.26,-41.77
1662,21.85,57.71,-46.79
1663,22.6,53.74,-51.58
1664,21,49.83,-56.26
1665,22.79,45.72,-60.16
1666,21.69,40.87,-64.28
1667,23.19,35.93,-67.64
1668,22.24,30.24,-70.86
1669,24.82,24.5,-73.19
1670,22.26,19.93,-74.9
1671,24.78,8.55,-77.26
1672,22.58,2.92,-77.9
1673,27.22,3.59,66.56
1674,24.88,9.13,66.17
1675,27.06,14.04,65.37
1676,25.54,19.36,64.24
1677,27.12,24.56,62.62
1678,25.27,29.46,60.52
1679,26.91,34.64,57.97
1680,25.37,39.77,54.95
1681,27.26,44.33,51.53
1682,24.81,47.64,48.76
1683,26.77,51.09,45.42
1684,25.04,56.13,39.9
1685,26.93,59.25,35.47
1686,26.03,62.31,30.66
1687,26.9,65.27,24.43
1688,25.32,67.6,18.26
1689,27.56,69.01,13.41
1690,25.44,70.32,8.17
1691,26.95,71.06,2.69
1692,25.2,71.5,-2.22
1693,27.16,71.47,-8.74
1694,24.71,70.93,-14.54
1695,27.53,70.22,-19.06
1696,25.03,68.8,-25.06
1697,26.57,66.87,-30.48
1698,24.41,64.35,-36.08
1699,25.83,61.29,-41.2
1700,25.49,57.12,-47.19
1701,27.05,53.57,-51.22
1702,24.83,50.16,-55.37
1703,26.35,45.29,-60.03
1704,25.73,40.66,-64.09
1705,27.56,35.78,-67.46
1706,26.01,30.73,-70.43
1707,28.05,23.7,-73.34
1708,27.3,17.34,-75.37
1709,28.74,10.45,-76.62
1710,26.93,3.08,-77.4
1711,30.76,3.51,66.43
1712,28.73,8.92,66.11
1713,30.7,14.26,65.3
1714,29.17,19.86,64.05
1715,31.12,24.85,62.38
1716,28.95,29.7,60.5
1717,30.54,34.99,57.89
1718,29.09,39.49,55.07
1719,30.84,43.71,52.11
1720,29.44,48.18,48.15
1721,31.49,52.15,44.26
1722,29.97,57.45,37.81
1723,31.38,60.23,33.76
1724,29.35,62.6,29.82
1725,31.19,64.72,25.57
1726,28.77,66.76,20.53
1727,31.04,68.63,14.69
1728,29.46,70.08,8.19
1729,31.11,70.87,2.99
1730,29.11,71.36,-3.3
1731,31.2,71.37,-8.94
1732,29.25,71,-14.22
1733,31.5,69.81,-20.65
1734,28.79,68.66,-24.79
1735,30.58,66.89,-29.82
1736,28.2,64.51,-35.37
1737,29.45,61.79,-40.03
1738,28.63,58.28,-45.4
1739,30.94,52.91,-51.87
1740,28.63,49.34,-55.89
1741,30.47,45.32,-59.81
1742,29.74,40.93,-63.72
1743,31.28,35.28,-67.44
1744,29.95,29.47,-70.76
1745,32.32,23.86,-72.99
1746,30.87,17.68,-74.85
1747,32.05,10.49,-76.41
1748,30.75,3.26,-77.18
1749,34.39,3.32,66.32
1750,32.51,8.91,66.15
1751,34.57,13.99,65.17
1752,32.84,19.2,64.06
1753,34.93,23.89,62.59
1754,32.61,29.67,60.49
1755,33.84,35.45,57.66
1756,33.32,40.35,54.45
1757,34.98,44.49,51.24
1758,32.86,48.26,48.02
1759,35.65,51.99,44.2
1760,32.88,55.24,40.54
1761,34.56,58.86,35.45
1762,33.82,62.54,29.54
1763,35.18,65.26,24.16
1764,32.68,66.73,20.3
1765,34.12,68.6,14.5
1766,33.32,70,8.07
1767,35.56,70.73,2.61
1768,32.71,71.19,-2.48
1769,35.11,71.15,-8.05
1770,33.23,70.91,-14.32
1771,35.04,69.88,-19.62
1772,33.52,68.16,-26.06
1773,35.55,66.65,-30.23
1774,32.12,64.77,-34.3
1775,37.25,61.13,-40.69
1776,31.62,56.33,-47.59
1777,34.94,53.54,-50.99
1778,32.9,49.15,-55.83
1779,34.3,44.78,-60.13
1780,33.64,39.93,-64.25
1781,35.69,35.86,-66.77
1782,33.63,30.17,-70.11
1783,36.03,23.3,-72.76
1784,34.65,17.01,-74.85
1785,35.94,10.07,-76.04
1786,34.66,3.46,-76.72
1787,38.29,3.14,66.33
1788,36.35,8.37,66.14
1789,38.26,14,65.21
1790,36.85,19.41,63.9
1791,39.28,24.39,62.39
1792,36.34,28.52,60.85
1793,40.14,35.23,57.51
1794,36.86,39.49,55
1795,39.12,43.68,51.8
1796,36.96,47.93,48.27
1797,38.88,52.28,43.7
1798,36.56,56.3,39.05
1799,38.85,59.19,34.76
1800,36.95,61.92,30.63
1801,38.63,64.61,24.99
1802,36.93,67.01,18.94
1803,38.39,68.59,14.08
1804,36.63,69.68,9.1
1805,39.2,70.42,4.2
1806,36.89,71.01,-2.69
1807,39.29,70.92,-7.79
1808,37,70.82,-13.37
1809,39,69.7,-19.2
1810,37.45,68.43,-24.53
1811,39.78,66.63,-29.8
1812,38.37,64.49,-34.29
1813,40.61,60.87,-40.92
1814,37.92,57.32,-46.27
1815,38.69,53.93,-50.31
1816,36.55,49.56,-55.16
1817,38.57,45.95,-58.83
1818,37.76,41.58,-62.44
1819,39.22,34.33,-67.31
1820,37.49,29.35,-70.05
1821,39.51,22.82,-72.44
1822,38.22,15.65,-74.75
1823,40.46,9.55,-75.7
1824,38.43,3.63,-76.41
1825,41.85,3.64,66.32
1826,40.18,8.98,65.97
1827,42.26,14.22,65.08
1828,40.72,19.01,64.16
1829,43.15,24.15,62.42
1830,40.65,29.14,60.52
1831,43.17,33.04,58.58
1832,40.37,39.43,54.81
1833,43.1,44.08,51.33
1834,40.78,47.74,48.17
1835,42.64,50.98,44.87
1836,40.51,55.64,39.56
1837,42.39,58.79,35.26
1838,40.79,62.12,29.81
1839,42.13,64.74,24.24
1840,40.59,66.75,19.16
1841,43.11,68.14,14.82
1842,41.14,69.43,9.87
1843,43.04,70.1,4.89
1844,40.84,70.82,-1.11
1845,42.89,70.92,-7.25
1846,40.84,70.39,-13.96
1847,43.22,69.56,-18.53
1848,41.39,68.38,-24.31
1849,43.53,66.05,-30.15
1850,41.96,63.39,-36.29
1851,44.54,60.17,-41.39
1852,41.89,57.33,-45.9
1853,43.01,52.89,-51.08
1854,40.65,50.12,-54.4
1855,42.67,46.32,-58.09
1856,40.56,39.2,-63.93
1857,43.42,35.1,-66.42
1858,41.65,28.53,-70.05
1859,43.68,22.37,-72.23
1860,41.93,16.7,-73.97
1861,44.06,10.66,-75.08
1862,42.33,3.1,-76.09
1863,45.61,2.85,66.17
1864,43.91,8.87,65.88
1865,46.24,14.73,65.01
1866,44.9,19.43,63.8
1867,47.17,24.27,62.35
1868,44.92,28.96,60.48
1869,48.14,33.32,58.32
1870,44.65,40.12,54.26
1871,47.35,43.79,51.43
1872,45.29,47.54,48.08
1873,46.77,51,44.35
1874,44,54.39,40.81
1875,46.44,59.82,33.3
1876,44.32,62.13,29.72
1877,46.34,64.09,25.21
1878,44.98,66.39,20.16
1879,46.9,67.77,15.3
1880,45.27,69.17,9.66
1881,46.92,70.13,2.08
1882,44.54,70.54,-1.8
1883,46.99,70.36,-8.21
1884,44.84,70.19,-12.72
1885,47.24,69.24,-18.2
1886,44.97,68.08,-23.85
1887,46.96,65.81,-29.51
1888,45.27,63.65,-35.07
1889,47.76,60.83,-39.65
1890,45.07,56.17,-46.87
1891,47.82,52.95,-50.38
1892,45.61,49.69,-54.31
1893,47.05,45.7,-57.86
1894,46.09,38.94,-63.57
1895,47.9,34,-66.59
1896,44.95,29.8,-69.07
1897,47.26,23.46,-71.35
1898,46.37,16.54,-73.69
1899,47.87,10.29,-74.58
1900,46.08,3.86,-75.75
1901,48.95,4.13,66.03
1902,47.52,9.23,65.83
1903,50.26,12.97,65.25
1904,49.08,18.92,63.91
1905,51.1,24.5,62.17
1906,48.95,29.22,60.29
1907,51.36,35.39,57.11
1908,49.66,39.69,54.31
1909,51.35,43.67,51.3
1910,49.4,47.62,47.91
1911,51.11,51.51,43.92
1912,48.85,54.21,40.77
1913,50.71,57.72,36.15
1914,49.16,61.72,29.88
1915,50.3,63.76,25.5
1916,49.16,65.92,20.49
1917,51.81,67.02,16.47
1918,48.51,69.49,6.5
1919,51.42,69.78,2.36
1920,48.94,70.37,-3.68
1921,52.02,70.13,-6.63
1922,49.33,69.73,-13.44
1923,50.61,68.55,-20.28
1924,48.91,67.45,-24.97
1925,51.51,65.07,-30.62
1926,49.36,63.42,-34.64
1927,51.36,59.19,-41.55
1928,48.78,57.21,-44.92
1929,51.3,53.76,-48.74
1930,49.9,48.99,-54.28
1931,51.39,44.41,-58.29
1932,49,41.26,-61.38
1933,51.24,35.62,-65.07
1934,49.33,27.82,-69.41
1935,51.59,21.83,-71.37
1936,50.18,17.04,-73.09
1937,51.89,9.74,-74.3
1938,49.75,3.28,-75.29
1939,56.39,6.19,65.88
1940,52.29,8.2,65.82
1941,53.58,15.2,64.79
1942,52.66,19.93,63.49
1943,55.28,24.91,61.9
1944,52.83,29.39,60.18
1945,54.8,33.82,57.89
1946,53.62,39.54,54.18
1947,55.58,44.38,50.61
1948,53.36,48.18,47.29
1949,55.3,52.02,43.33
1950,53.23,55.38,39.22
1951,56.11,58.33,34.83
1952,54.27,62.19,28.54
1953,55.41,63.75,24.86
1954,53.57,65.49,20.79
1955,55.91,67.43,14.24
1956,53.03,68.76,9.29
1957,55.13,69.27,5.33
1958,53.42,69.97,-1.48
1959,56.08,69.77,-9.11
1960,52.48,69.68,-12.31
1961,54.17,68.63,-17.84
1962,52.87,66.62,-26.09
1963,55.92,64.37,-30.75
1964,52.65,62.19,-36.13
1965,55.5,60.16,-39.03
1966,53.67,56.07,-45.3
1967,55.55,52.42,-49.51
1968,53.38,49.44,-53.04
1969,54.85,44.8,-57.43
1970,53.44,39.29,-62.13
1971,55.44,33.98,-65.34
1972,52.46,29.8,-68.08
1973,55.52,22.33,-70.78
1974,54.12,14.84,-73.16
1975,56.08,9.23,-73.8
1976,53.41,2.93,-74.7
1977,57.8,2.33,66.07
1978,56.18,10.97,65.5
1979,58.46,15.24,64.52
1980,57.26,19.33,63.64
1981,58.66,23.63,62.25
1982,57.06,30.06,59.8
1983,59.15,35.38,56.83
1984,57.46,38.56,54.84
1985,58.22,42.55,51.89
1986,57.31,48.07,47.23
1987,59.28,51.48,43.61
1988,57.08,55.06,39.51
1989,60.26,58.04,35.31
1990,58.06,60.79,30.88
1991,59.71,64.02,23.81
1992,57.56,66.04,19.03
1993,60.71,66.89,15.46
1994,57.83,68.2,10.67
1995,59.07,69.1,4.45
1996,57.66,69.67,-0.53
1997,58.12,69.73,-5.39
1998,57.19,68.98,-14.77
1999,60.57,68.23,-16.55
2000,55.53,67.51,-22.03
2001,58.03,65.59,-27.52
2002,57.44,62.46,-34.48
2003,60.75,60.15,-37.7
2004,58.52,54.62,-46.22
2005,60.2,51.57,-49.63
2006,57.37,47.87,-54.08
2007,59.25,43.32,-57.84
2008,57.06,39.89,-61.04
2009,59.27,35.07,-64.14
2010,59.33,29.49,-67.09
2011,61.08,22.19,-69.97
2012,57.73,17.85,-71.79
2013,60.36,9.04,-73.15
2014,57.85,3.41,-74.06
2015,63.12,2.15,65.98
2016,60.64,10.1,65.39
2017,62.65,15.06,64.49
2018,61.92,20.17,63.29
2019,63.87,26.46,61.05
2020,60.67,28.54,60.28
2021,62.1,33.23,57.9
2022,62.65,40.19,53.49
2023,62.89,44.04,50.45
2024,61.26,46.94,48.08
2025,63.22,50.54,44.41
2026,61.55,55.34,38.65
2027,65.24,57.98,34.59
2028,60.83,62.06,28.11
2029,65.52,62.43,26.26
2030,62.38,64.86,21.26
2031,63.88,67.33,12.69
2032,62,68.42,7.81
2033,63.27,69.13,2.01
2034,61.86,69.41,-3.66
2035,64.63,69.21,-7.71
2036,60.64,69.21,-10.8
2037,63.05,67.48,-19.94
2038,63.09,65.51,-25.54
2039,63.34,63.94,-29.33
2040,61.77,62.83,-32.51
2041,63.81,58.99,-39
2042,61.79,56.33,-43.2
2043,64.29,50.74,-49.52
2044,61.4,47.99,-53.17
2045,63.36,44.07,-56.61
2046,62.09,39.28,-60.66
2047,63.01,32.83,-64.83
2048,62.71,26.27,-67.98
2049,64.21,19.71,-70.09
2050,60.27,14.26,-72.38
2051,64.41,6.74,-72.75
2052,62.26,2.52,-73.49
2053,67.82,2.56,65.8
2054,65.4,11.33,65.06
2055,69.33,13.96,64.42
2056,66.46,17.48,63.85
2057,65.34,22.61,62.31
2058,65.86,30.82,58.97
2059,67.12,34.91,56.68
2060,64.32,37.91,55.06
2061,67.24,43.15,50.96
2062,65.67,47.91,46.69
2063,68.36,51.74,42.58
2064,64.01,53.56,40.54
2065,67.73,56.2,36.8
2066,63.5,60.11,31.18
2067,67.43,63.34,23.87
2068,65.26,65.69,18.05
2069,68.68,66.06,15.71
2070,66.08,67.98,8.23
2071,68.67,68.41,3.46
2072,65.96,68.92,-0.6
2073,68.3,68.72,-5.7
2074,64.66,68.64,-12.61
2075,66.95,67.2,-18.73
2076,67.35,65.66,-24.03
2077,68.68,63,-30.22
2078,66.04,61.14,-34.72
2079,67.93,57.74,-39.72
2080,64.55,54.53,-44.92
2081,67.74,53.15,-45.95
2082,66.4,46.9,-53.08
2083,67.23,42.76,-56.95
2084,65.15,37.33,-61.7
2085,68.49,33.95,-63.03
2086,66.77,29.86,-65.71
2087,70.29,22.48,-67.96
2088,64.66,14.24,-71.44
2089,67.57,10.81,-71.78
2090,68.4,2.34,-72.32
2091,73.14,1.32,65.5
2092,67.14,7.1,65.64
2093,71.25,10.11,65.07
2094,70.25,20.1,63.02
2095,69.22,25.46,61.17
2096,70.12,29.26,59.63
2097,71.51,32.95,57.44
2098,69.67,40.23,52.98
2099,73.06,42.74,50.78
2100,69.38,45.86,48.44
2101,70.57,49.62,44.55
2102,69.83,53.91,39.53
2103,71.37,57.88,33.76
2104,68.26,60.16,30.54
2105,71.43,61.47,27.08
2106,70.26,64.72,19.61
2107,73.09,66.41,12.49
2108,69.59,67.12,10.66
2109,71.79,67.71,5.25
2110,71.54,68.21,-1.26
2111,70.75,68.22,-9.23
2112,68.33,67.98,-14.28
2113,72.47,66.86,-16.82
2114,71.19,65.93,-21.48
2115,70.74,64.08,-27.05
2116,70.15,61,-33.79
2117,72.05,58.83,-37.07
2118,70.52,56.11,-41.66
2119,71.74,51.46,-47.09
2120,69.12,49.06,-50.46
2121,72.12,43.6,-54.84
2122,69.1,39.78,-58.95
2123,72.29,36.17,-60.96
2124,67.55,25.28,-67.56
2125,74.75,19.03,-68.28
2126,68.71,18.09,-69.78
2127,73.81,10.08,-70.47
2128,70.64,6.45,-71.58
2129,77.75,3.75,65.17
2130,72.1,5.6,65.5
2131,75.75,12.6,64.46
2132,73.24,16.37,63.64
2133,73.24,22.61,61.96
2134,74.62,26.64,60.24
2135,75.58,30.42,58.45
2136,71.05,37.44,54.89
2137,76.54,39.81,52.87
2138,73.6,47.35,46.55
2139,75.59,51.11,42.28
2140,74.16,55.46,36.87
2141,77.07,57.2,33.72
2142,73.8,59.71,30.29
2143,75.41,61.94,25.16
2144,73.28,63.86,21.39
2145,75.8,65.46,14.94
2146,75.74,66.99,7.43
2147,76.06,67.51,2.09
2148,73.97,68,-3.8
2149,76.07,67.38,-7.99
2150,73.69,67.36,-12.43
2151,76.53,65.78,-18.58
2152,74.8,64.25,-24.74
2153,77.87,62.63,-27.39
2154,74.77,61.75,-30.76
2155,76.82,57.33,-38.02
2156,73.65,54.47,-42.94
2157,75.87,50.08,-47.67
2158,72.45,46.25,-52.26
2159,77.37,42.3,-54.9
2160,74.52,39.65,-57.9
2161,75.19,32.74,-62.32
2162,74.22,26.01,-65.78
2163,77.27,22.37,-66.7
2164,71.54,14.5,-70.04
2165,76.97,5.91,-70.42
2166,74.58,1.79,-71.18
2167,82.08,5.85,64.66
2168,76.37,8.01,65.03
2169,79.83,14.64,63.73
2170,76.89,18.81,62.93
2171,78.3,22.8,61.47
2172,79.95,26.82,59.88
2173,78.76,33.65,56.59
2174,75.38,36,55.44
2175,78.38,42.49,50.53
2176,76.97,45.55,48.09
2177,78.83,49.09,44.24
2178,75.75,53.16,39.88
2179,80.77,55.6,35.8
2180,79.22,59.15,30.05
2181,80.38,60.78,26.58
2182,78.66,62.97,21.91
2183,77.61,64.56,17.49
2184,79.43,66.11,9.53
2185,80.99,66.68,4.1
2186,78.97,67.28,-0.78
2187,80.26,66.86,-5.48
2188,79.18,66.51,-11.29
2189,79.48,65.92,-15.49
2190,78.42,64.53,-21.77
2191,80.67,60.74,-30.25
2192,76.59,59.61,-34.09
2193,79.33,55.79,-39.07
2194,77.77,53.1,-43.54
2195,81.08,50.99,-44.94
2196,77.04,47.57,-50.07
2197,80.19,44.7,-52.2
2198,78.32,36.61,-59.28
2199,81.01,33.59,-60.5
2200,78.1,29.23,-63.51
2201,81,17.94,-67.32
2202,77.21,14.61,-69.09
2203,79.78,10.16,-69.36
2204,81.4,1.92,-69.88
2205,84.06,1.78,64.78
2206,80.74,9.89,64.42
2207,85.09,14.12,63.28
2208,81.9,18.44,62.52
2209,83.2,22.64,61.16
2210,81.61,30.16,58.08
2211,84.08,34.29,55.57
2212,80.81,37.59,53.97
2213,83.23,41.02,51.28
2214,82.13,46.7,46.22
2215,83.27,50.13,42.41
2216,81.32,53.1,39.1
2217,85.46,54.92,35.79
2218,83.55,57.79,31.67
2219,83.92,61.48,24.14
2220,82.79,63.6,18.33
2221,84.64,64.22,14.85
2222,81.67,65.36,11.92
2223,84.6,65.86,6.55
2224,84.03,66.53,-2.82
2225,84.21,66.16,-8.06
2226,84.04,65.47,-12.62
2227,83.79,64.34,-18.44
2228,82.88,63.25,-23.2
2229,84.12,61.82,-25.97
2230,82.21,58.52,-33.78
2231,85.04,56.85,-35.42
2232,83.36,53.67,-40.74
2233,84.48,48.95,-46.21
2234,82.84,46.85,-48.94
2235,84.5,42.03,-53.13
2236,81.36,39.45,-56.26
2237,86.88,33.26,-59.24
2238,83.63,29.97,-61.96
2239,83.81,21.37,-65.55
2240,83.52,13.31,-67.98
2241,86.7,8.55,-68
2242,83.37,5.93,-69.06
2243,88.87,4.1,64.25
2244,85.61,9.96,64.06
2245,90.32,12.72,63.16
2246,87.15,18.2,62.19
2247,88.09,22.54,60.73
2248,87.1,30.63,57.41
2249,89.45,34.35,54.95
2250,86.34,37.92,53.04
2251,88.56,41.52,50.07
2252,84.19,44.29,48.35
2253,87.62,47.34,44.78
2254,86.3,52.02,39.66
2255,88.14,57.12,31.68
2256,86.37,59.59,27.62
2257,90.46,61.09,22.44
2258,86.24,62.56,20.4
2259,91.83,63.18,15.15
2260,88.34,64.54,11.72
2261,89.16,65.53,3.21
2262,85.29,66.12,1.02
2263,90.1,65.54,-3.44
2264,89.7,64.71,-10.94
2265,87.48,64.27,-15.81
2266,87.94,62.95,-20.53
2267,89.35,60.47,-26.44
2268,86.43,59.66,-29.74
2269,87.41,54.94,-37.32
2270,87.2,51.82,-41.93
2271,90.37,46.87,-46.66
2272,87.48,44.48,-49.99
2273,88.46,39.92,-53.87
2274,85,36.94,-57.25
2275,89.39,28.86,-60.89
2276,86.49,25.49,-63.24
2277,89.25,20.39,-64.5
2278,86.96,16.25,-66.49
2279,90.27,10.86,-66.68
2280,88.29,2.12,-68.15
2281,92.83,1.12,64.02
2282,89.53,6.9,64
2283,93.49,11.83,62.83
2284,91.78,17.63,61.88
2285,92.85,22.26,60.29
2286,92.37,30.75,56.63
2287,94.56,34.46,54.03
2288,91.83,38.17,52.11
2289,94.08,41.41,49.17
2290,89.96,44.39,47.14
2291,93.31,51.23,39.03
2292,91.03,53.45,36.6
2293,92.27,55.28,33.58
2294,92.08,58.16,28.76
2295,91.74,59.76,25.17
2296,91.69,62.43,17.78
2297,96.02,63.09,12.53
2298,89.62,64.99,8.41
2299,94.05,64.48,5.05
2300,92.52,65.04,-0.66
2301,96.15,64.24,-5.6
2302,89.4,65.38,-7.12
2303,93.88,63.58,-13.26
2304,91.34,61.57,-22.67
2305,94.44,58.63,-27.77
2306,89.55,57.85,-31.61
2307,92.76,55.63,-33.65
2308,91.84,52.7,-38.76
2309,95,45.25,-46.48
2310,91.93,42.82,-50.18
2311,94.08,39.3,-52.64
2312,90.85,36.33,-56.09
2313,92.44,32.11,-58.29
2314,91.93,24.07,-62.49
2315,94.54,18.62,-63.83
2316,92.23,15.27,-65.3
2317,94.85,9.7,-65.74
2318,92.11,4.92,-67.02
2319,98.8,2.28,63.15
2320,94.66,6.67,63.4
2321,98.27,11.65,62.33
2322,96.08,17.1,61.43
2323,97.63,21.87,59.74
2324,95.13,26.54,58.31
2325,97.48,30.66,55.94
2326,97.17,37.95,51.26
2327,99.75,40.9,48.39
2328,93.77,46.79,44.27
2329,96.58,48.94,41.14
2330,97.92,52.59,36.1
2331,98.28,54.52,32.98
2332,96.94,56.62,29.91
2333,98.31,58.4,25.71
2334,96.4,60.94,20.03
2335,99.31,61.38,16.84
2336,95.82,63.74,8.91
2337,100.25,63.34,4.89
2338,97.39,64.17,1.28
2339,99.37,63.89,-2.6
2340,96.12,63.93,-9.13
2341,100.24,62.26,-12.86
2342,95.76,61.55,-19.62
2343,100.52,57.6,-26.71
2344,96.51,56.61,-30.7
2345,95.59,53.63,-35.66
2346,95.4,50.56,-40.05
2347,96.25,48.19,-42.87
2348,97.5,41.72,-49.18
2349,99.27,37.85,-52.13
2350,96.16,35.25,-55.23
2351,97.74,30.84,-57.39
2352,94.76,27.45,-60.08
2353,97.03,22.16,-61.79
2354,98.51,12.37,-64.25
2355,99.65,6.48,-64.76
2356,95.48,2.75,-66.27
2357,104.16,2.51,62.44
2358,98.92,6.36,62.82
2359,102.14,11.57,61.83
2360,100.31,17.05,60.87
2361,102.31,22.14,58.95
2362,99.75,26.42,57.6
2363,102.57,30.46,55.12
2364,100.08,34.32,53.28
2365,102.86,37.57,50.41
2366,100.25,46.38,43.15
2367,104.2,47.51,40.62
2368,100.88,50.2,38.43
2369,104.05,52.05,34.84
2370,102.6,56.79,27.29
2371,105.34,57.89,23.09
2372,99.04,59.59,22.43
2373,102.02,61.5,13.95
2374,101.77,62.43,9.93
2375,105.3,62.07,7.04
2376,103.74,62.88,1.08
2377,103.56,62.72,-5.33
2378,102.23,62.74,-8.96
2379,100.34,61.56,-16.38
2380,101.19,59.79,-21.11
2381,104.15,58.08,-23.71
2382,103.1,55.05,-30.07
2383,101.64,53.87,-32.9
2384,100.98,51.56,-36.48
2385,101.05,46.3,-43
2386,100.72,43.74,-45.91
2387,102.64,39.86,-48.91
2388,101.4,33.62,-54.56
2389,103.02,29,-56.92
2390,99.86,25.94,-59.33
2391,101.41,19.83,-61.24
2392,99.71,15.31,-63.03
2393,104.2,8.33,-63.2
2394,100.13,1.87,-64.98
2395,113.91,3.7,61.18
2396,109.79,5.45,61.54
2397,105.73,11.85,61.23
2398,104.33,17.37,60.13
2399,107.1,22.09,58.15
2400,104.95,26.32,56.83
2401,107.83,30.18,54.3
2402,105.11,34,52.4
2403,108.42,37.32,49.47
2404,107.45,44.33,43.33
2405,110.15,46.31,40.13
2406,106.97,49.41,37.47
2407,107.94,52.59,32.31
2408,103.58,54.67,30.71
2409,109.45,55.95,25.24
2410,104.6,59.49,19.26
2411,107.54,59.62,16.41
2412,107.92,60.61,12.05
2413,107.83,61.45,3.85
2414,106.71,62.03,-1.84
2415,109.06,61.15,-7.28
2416,106.83,61.02,-11.25
2417,106.73,60.32,-14.7
2418,105.03,59.63,-18.37
2419,109.26,57.46,-21.37
2420,106.65,55.46,-27.11
2421,106.52,51.19,-34.27
2422,101.71,49.4,-39.09
2423,105.97,46.95,-40.14
2424,106.3,41.6,-45.97
2425,108.67,37.92,-48.32
2426,105.11,36.04,-51.5
2427,106.57,31.79,-53.98
2428,104.51,23.85,-58.8
2429,108.78,21.33,-58.4
2430,105.16,17.63,-60.88
2431,111.72,12.33,-59.82
2432,105.64,2.49,-63.21
2433,120.21,5.66,59.93
2434,110.48,8.41,61.22
2435,110.22,12.79,60.44
2436,108.48,17.44,59.48
2437,112.29,21.84,57.47
2438,110.11,26.17,56.01
2439,113.3,30,53.38
2440,110.76,33.82,51.57
2441,113.39,37.64,48.08
2442,110.68,40.99,45.72
2443,113.58,43.18,42.76
2444,111.58,50.07,34.89
2445,114.02,51.95,30.69
2446,109.35,54.55,28.38
2447,114.95,55.25,23.4
2448,110.29,57.52,20.64
2449,113.24,58.61,14.02
2450,110.92,60.23,9.18
2451,113.4,59.87,6.09
2452,111.82,60.66,0.99
2453,111.38,60.54,-3.99
2454,112.97,59.45,-10.32
2455,112.84,58.42,-14.08
2456,111.55,58,-17.66
2457,111.09,55.43,-24.41
2458,109.23,52.57,-30.9
2459,113.23,49.78,-32.89
2460,108.85,48.81,-36.61
2461,112.14,45.5,-38.98
2462,107.24,44.03,-42.96
2463,112.57,39.81,-45.02
2464,110.56,34.11,-50.85
2465,111.93,29.67,-53.16
2466,108.01,26.9,-56.26
2467,112.62,19.2,-57.78
2468,115.83,16.29,-57.53
2469,111.88,7.68,-60.84
2470,108.7,4.19,-62.03
2471,119.81,1.83,60.33
2472,116.07,8.71,60.22
2473,115.05,13.26,59.56
2474,113.62,17.52,58.81
2475,117.15,21.8,56.54
2476,115.31,25.97,55.15
2477,118.01,29.8,52.45
2478,115.96,33.71,50.46
2479,118.81,36.23,47.8
2480,116.37,39.93,45.08
2481,117.1,44.51,40.2
2482,114,47.49,37.56
2483,116.95,49.62,33.32
2484,115.76,53.38,27.26
2485,120.65,52.74,25.46
2486,117.39,55.81,20.26
2487,120.1,56.52,15.2
2488,116.93,58.15,11.14
2489,117.17,59,3.53
2490,115.79,59.34,-1.13
2491,118.86,58.28,-4.38
2492,116.09,58.79,-7.31
2493,118.37,57.06,-12.03
2494,115.53,55.58,-20.23
2495,116.81,53.84,-23.33
2496,112.56,52.99,-28.17
2497,117.48,49.88,-29.85
2498,114.95,47.02,-35.6
2499,117.57,43.56,-38.48
2500,113.41,42.48,-42.02
2501,117.88,37.57,-44.6
2502,114.68,36.01,-47.57
2503,116.77,27.25,-52.53
2504,112.71,24.66,-55.38
2505,119.36,14.71,-56.57
2506,116.19,9.76,-58.8
2507,118.99,7.15,-58.13
2508,113.86,3.03,-60.38
2509,125.63,4.17,59.2
2510,121.14,9.54,59.21
2511,119.96,13.41,58.8
2512,118.66,17.76,57.91
2513,122.49,21.58,55.7
2514,120.39,25.63,54.21
2515,123.94,28.34,52.11
2516,121.58,32.68,49.93
2517,122.59,37.82,45.41
2518,120.26,41.38,42.64
2519,122.42,43.86,39.02
2520,119.41,46.73,36.5
2521,122.78,48.08,33.19
2522,119.99,50.84,29.67
2523,122.21,53.59,22.34
2524,122.91,54.77,18.18
2525,123,56.26,12.24
2526,119.44,58.11,7.98
2527,123.34,56.97,5.25
2528,121.73,57.72,1.25
2529,123.67,56.86,-2.01
2530,121.48,56.6,-8.99
2531,123.34,54.75,-14.25
2532,121.73,53.72,-18.69
2533,122.67,51.84,-21.61
2534,117.77,51.79,-26.45
2535,119.58,47.17,-32.45
2536,121.31,44.25,-35.21
2537,123.7,40.71,-38.11
2538,118.54,40.31,-41.54
2539,124.03,34.48,-44.16
2540,119.6,33.48,-47.18
2541,121.1,29.26,-49.52
2542,116.94,21.98,-54.99
2543,120.72,19.8,-54.24
2544,122.61,11.84,-55.89
2545,121.93,3.95,-57.32
2546,117.17,0.82,-59.29
2547,123.79,-0.88,59.64
2548,127.33,8.64,58.45
2549,126.14,12.86,57.77
2550,123.83,16.93,57.15
2551,127.54,19.97,55.35
2552,126.8,24.69,53.4
2553,127.55,30.13,50.02
2554,125.8,34.13,47.62
2555,128.11,37.26,44.32
2556,125.98,40.42,41.77
2557,128.83,42.12,38.81
2558,126.06,45.37,35.79
2559,126.81,48.34,30.8
2560,125.77,50.26,27.66
2561,127.89,52.59,20.69
2562,127.52,54.08,15.76
2563,129.17,54.23,12.42
2564,125.83,55.92,8.72
2565,129.27,55.13,4.67
2566,128.04,55.59,1.56
2567,129.28,54.8,-2.93
2568,124.96,56.02,-6.03
2569,126.26,54.44,-11
2570,127.39,51.92,-17.34
2571,128.67,49.38,-21.27
2572,124.02,49.87,-24.8
2573,123.43,48.11,-28.13
2574,126.52,42.83,-33.76
2575,128.1,39.3,-36.98
2576,124.42,37.34,-41.36
2577,129.02,31.92,-43.51
2578,125.48,30.55,-46.46
2579,126.32,26,-49.03
2580,121.67,24.64,-51.93
2581,129.63,17.67,-51.01
2582,128.4,13.03,-53.28
2583,125.67,8.31,-55.17
2584,125.43,0.15,-56.16
2585,128.93,0.97,58.64
2586,131.6,6.18,57.95
2587,132.19,11.31,56.94
2588,130.13,15.78,56.23
2589,131.58,21.43,53.77
2590,131.31,25.73,51.8
2591,132.38,29.25,49.32
2592,130.91,33.17,47.06
2593,133.41,35.68,43.99
2594,131.99,39.14,41.21
2595,132.56,42.54,36.8
2596,130.49,45.44,33.68
2597,132.38,47.14,30
2598,128,51.02,24.61
2599,133.19,50.35,22.74
2600,131.64,52.26,18.32
2601,133.83,52.42,14.37
2602,131.51,54.21,8.42
2603,135.64,52.78,4.96
2604,132.47,53.75,0.03
2605,134.63,52.6,-4.43
2606,129.88,54.04,-7.27
2607,131.87,52.24,-10.79
2608,129.43,51.98,-14.51
2609,132.1,48.98,-18.92
2610,128.69,47.44,-24.85
2611,129.23,45.18,-28.36
2612,125.68,45.21,-30.85
2613,132.1,39.36,-34.05
2614,128.67,35.86,-40.08
2615,133.28,32.18,-40.7
2616,130.31,27.18,-46.35
2617,134.65,27.65,-43.59
2618,126.08,21.49,-51.24
2619,134.84,18.2,-48.46
2620,133.56,13.22,-50.65
2621,131.05,8.52,-52.95
2622,128.15,4.12,-54.84
2623,139.1,3.13,56.46
2624,136.22,7.51,56.61
2625,137.42,12.08,55.71
2626,134.46,16.56,55.01
2627,136.53,20.79,52.81
2628,136.75,24.71,50.9
2629,137.75,28.05,48.53
2630,136.38,31.99,46.08
2631,138.77,35.54,42.2
2632,136.94,38.8,39.5
2633,138.89,40.62,36.44
2634,135.89,43.97,33.25
2635,138.56,45.14,29.62
2636,138.03,47.56,25.38
2637,138.15,49.12,21.34
2638,137.35,50.45,17.77
2639,141.32,49.84,13.89
2640,135.47,52.41,10.64
2641,138.62,51.62,7.39
2642,137.13,52.27,2.24
2643,138.59,51.3,-1.92
2644,136.05,51.16,-8.3
2645,142.17,48.37,-9.25
2646,135.14,49.51,-14.79
2647,137.94,47.12,-17.16
2648,134.46,46.15,-22.1
2649,134.35,43.71,-26.32
2650,132.25,41.76,-30.98
2651,138.77,37.42,-31.72
2652,137.88,35.58,-34.24
2653,138.06,32.18,-37.75
2654,138.26,28.43,-40.91
2655,140.09,23.42,-42.81
2656,130.88,22.56,-48.48
2657,139.25,18.56,-45.82
2658,138.4,13.34,-48.14
2659,136.6,8.55,-50.24
2660,133.8,3.97,-52.31
2661,144.4,2.7,55.12
2662,141.86,7.64,55.34
2663,143.18,11.94,54.19
2664,140.02,16.14,53.78
2665,142.22,19.94,51.67
2666,142.87,23.74,49.51
2667,142.98,27.8,46.99
2668,141.62,31.89,44.4
2669,145.7,32.75,41.96
2670,143.17,36.43,39.51
2671,143.96,39,35.85
2672,141.48,42.3,32.5
2673,148.24,42.84,26.64
2674,143.01,46.28,23.31
2675,145.37,46.63,20.24
2676,143.09,48.38,17.17
2677,146.53,47.65,14.11
2678,142.05,50.02,10.83
2679,145,49.18,5.92
2680,143.37,49.82,2.14
2681,143.64,49.33,-1.2
2682,140.63,49.87,-5.88
2683,146.77,45.62,-10.64
2684,137.89,49.12,-12.26
2685,143.27,45.2,-16.18
2686,139.21,44.79,-20.61
2687,138.44,43.16,-24.32
2688,137.19,40.44,-28.87
2689,143.32,36.38,-29.71
2690,145.01,33.09,-32.17
2691,142.75,31.79,-35.06
2692,142.54,28.48,-38.02
2693,143.27,24.59,-40.08
2694,135.72,23.12,-45.67
2695,146.51,13.89,-43.23
2696,142.61,13.81,-45.6
2697,138.71,3.55,-49.76
2698,143.14,3.18,-47.35
2699,151.82,4.87,52.49
2700,147.23,6.59,53.79
2701,151.05,15.36,50.39
2702,145.96,16,51.96
2703,147.86,20.09,49.64
2704,148.08,24.02,47.4
2705,152.12,26.29,44.29
2706,147.11,28.59,44.77
2707,150.34,31.28,41.04
2708,148.83,34.9,38.27
2709,147.81,38.79,33.92
2710,146.37,41.68,30.34
2711,154.6,39.77,26.77
2712,149.52,43.46,23.7
2713,149.9,44.98,19.15
2714,151.87,44.89,16.09
2715,151.22,45.98,11.76
2716,146.62,48.37,9.11
2717,148.07,47.73,4.15
2718,149.26,46.88,0.18
2719,151.43,45.52,-2.47
2720,146.24,47.65,-4.39
2721,147.74,46.39,-7.03
2722,143.84,46.08,-13.13
2723,149.87,42.45,-14.24
2724,143.82,41.19,-22.65
2725,146.14,38.33,-25.09
2726,141.9,39.54,-26.75
2727,148.12,34.67,-28.06
2728,149.52,30.97,-30.81
2729,146.88,28.28,-35.03
2730,147.51,24.31,-37.68
2731,150.34,19.89,-38.15
2732,143.1,19.05,-43.17
2733,149.9,14.82,-40.7
2734,149.14,8.91,-42.8
2735,141.28,8.42,-47.67
2736,151.06,3.23,-42.47
2737,157.14,-0.26,50.65
2738,156.4,5.38,50.69
2739,152.96,9.83,51.23
2740,156.93,11.08,49.33
2741,154.32,16.65,48.61
2742,152.96,21.51,47.01
2743,155.21,26.95,42.26
2744,156.08,30.01,39.28
2745,159.49,30.17,36.78
2746,152.73,34.28,36.78
2747,153.14,36.3,33.74
2748,151.52,39.33,30.24
2749,158.65,38.17,25.67
2750,154.12,42.01,22.13
2751,157.15,41.56,19.26
2752,156.36,42.85,15.11
2753,155.58,43.79,10.96
2754,152.22,45.8,7.38
2755,156.76,43.45,4.42
2756,153.79,44.74,2.28
2757,157.44,42.41,-1.26
2758,154.32,43.28,-5.11
2759,152.28,43.51,-8.7
2760,153.53,41.53,-11.86
2761,149.51,41.34,-17.09
2762,149.09,39.68,-20.44
2763,150.82,36.83,-23.18
2764,152.14,33.37,-26.32
2765,156.2,31.39,-24.76
2766,154.08,29.06,-29.18
2767,151.27,26.94,-32.94
2768,151.94,23.07,-35.25
2769,154.81,17.64,-35.98
2770,146.54,19.75,-40.73
2771,157.64,11.72,-36.06
2772,152.68,9.04,-40.54
2773,154.58,2.61,-40.17
2774,157.82,1.17,-37.8
2775,164.13,0.74,46.59
2776,160.79,3.7,48.62
2777,161.26,8.73,47.67
2778,158.85,15.32,46.9
2779,161.53,17.73,44.4
2780,156.91,21.32,45.05
2781,160.62,22.75,42.2
2782,161.45,25.41,39.8
2783,164.76,28.01,34.7
2784,159.23,32.85,34.03
2785,162.03,33.47,30.64
2786,157.02,36.6,30.32
2787,163.51,34.35,27.22
2788,160.52,38.86,21.97
2789,168.65,35.02,16.6
2790,162.14,39.89,14.26
2791,162.12,40.26,11.21
2792,157.85,42.93,7.72
2793,163.25,39.65,4.46
2794,160.3,40.94,0.76
2795,164.92,37.46,-2.06
2796,160.29,39.85,-4.39
2797,158.04,40.17,-7.72
2798,155.66,38.62,-15.01
2799,160.23,35.04,-15.48
2800,154.15,37.61,-18.47
2801,159.06,33.93,-18.54
2802,155.1,34.63,-21.56
2803,159.73,30.73,-21.65
2804,157.72,26.79,-27.73
2805,162.14,22.11,-27.09
2806,155.77,24.13,-31.32
2807,164.65,16.21,-28.13
2808,153.61,14.06,-38.44
2809,159.57,14.69,-33.59
2810,156.15,7.73,-38.26
2811,159.6,5.49,-35.84
2812,162.4,1.45,-34.03
2813,168.65,3.28,42.78
2814,163.82,11.55,45.38
2815,169.62,9.12,40.64
2816,166.64,13.12,42.52
2817,165.57,18.39,41.23
2818,168.61,18.22,38.58
2819,169.35,22.23,35.01
2820,165.23,24.09,37.75
2821,170.99,24.16,31.34
2822,166.52,29,31.66
2823,168.36,30,27.96
2824,170.18,30.78,24.03
2825,165.32,34.92,23.66
2826,166.9,35.38,20.15
2827,173.29,31.82,12.19
2828,168.43,35.8,13.33
2829,168.55,36.18,9.58
2830,164.14,39.09,7.84
2831,169.21,35.4,4.7
2832,166.49,37.03,1.64
2833,170.66,33.22,-0.69
2834,169.72,32.96,-4.09
2835,164.92,36.09,-6.12
2836,158.77,38.55,-10.88
2837,162.71,34.69,-12.66
2838,168.05,29.94,-13.03
2839,165.83,29.72,-15.91
2840,163.95,29.57,-18.4
2841,168.01,23.97,-19.67
2842,160.32,27.19,-24.72
2843,164.72,22.65,-24.27
2844,159.88,21,-29.82
2845,171.72,14.75,-22.01
2846,161.83,15.99,-30.98
2847,166.93,10.63,-28.44
2848,164.28,10.07,-30.96
2849,164.91,3.95,-31.69
2850,166.86,0.39,-30.1
2851,175.36,0.39,34.34
2852,171.97,3.21,38.76
2853,174.26,6.71,35.17
2854,175.83,10.34,32.08
2855,177.3,12.99,27.98
2856,172.58,16.15,34.56
2857,174.1,18.31,31.11
2858,175.52,20.19,27.03
2859,177.02,20.32,23.24
2860,172.35,25.73,27.4
2861,174.24,26.23,23.02
2862,176.47,24.94,19.08
2863,172.01,30.67,19.75
2864,177.22,26.04,13.8
2865,174.16,29.61,16.24
2866,176.45,28.42,9.43
2867,179.88,22.62,5.73
2868,172.94,32.52,7.1
2869,176.15,28.49,4.37
2870,174.09,30.34,1.84
2871,177.65,25.49,-0.61
2872,175.1,27.81,-3.34
2873,171.59,29.98,-7.04
2874,164.05,35.48,-8.99
2875,168.86,31.04,-9.99
2876,173.7,25.32,-10.7
2877,172.25,24.42,-13.94
2878,170.36,23.95,-16.8
2879,175.55,18.55,-14.98
2880,164.02,26.63,-21.73
2881,168.9,19.84,-22.11
2882,167.18,17.07,-25.48
2883,175.04,13.34,-18.93
2884,169.87,12.09,-25.12
2885,173.83,9.06,-22.2
2886,171.11,6.25,-25.52
2887,168.6,5.3,-28.18
2888,173.75,2.6,-23.38
2889,182.01,1.82,18.7
2890,179.71,4.42,25.49
2891,177.96,4.57,29.36
2892,182.95,4.17,15.04
2893,184.01,3.74,9.94
2894,180.89,8.36,20.75
2895,179.13,12.27,24.06
2896,181.74,11.92,16.51
2897,184.12,5.2,6.56
2898,179.46,17.07,19.91
2899,182.78,11.11,12.2
2900,179.52,20.3,16.19
2901,180.77,18.46,12.33
2902,182.81,13.35,8.08
2903,184.37,5.37,2.59
2904,179.77,22.33,9.24
2905,181.54,-15.61,-4.65
2906,183.41,11.32,1.39
2907,180.36,21.01,2.17
2908,183.63,-10.45,0.73
2909,181.64,17.49,-0.87
2910,178.86,21.78,-4.52
2911,181.95,14.26,-4.2
2912,175.72,24.79,-7.36
2913,183.85,7.53,-2.42
2914,179.51,17.93,-7.88
2915,177.17,19.75,-11.13
2916,182.02,10.78,-7.64
2917,179.95,13.42,-11.2
2918,172.8,18.49,-18.47
2919,178,13.43,-14.81
2920,183.67,4.36,-5.67
2921,181.47,6.76,-11.52
2922,177.59,8.91,-17.29
2923,184.47,0.67,-1.49
2924,180.4,5.15,-14.36
2925,182.96,1.89,-8.83
2926,178.71,1.26,-17.37
2927,43.56,42.65,-61.24
2928,-192.08,20.29,25.29
2929,124.76,16.68,-53.53
2930,108.54,14.64,-60.51
2931,62.26,6.31,65.88
2932,-29.05,49.71,-55.75
2933,-178.26,6.8,-30.27
2934,115.72,31.81,-50.11
2935,-131.33,14.72,-52.53
2936,-33.99,41.27,52.2
2937,-205.42,5.97,-3.48
2938,-85.69,14.52,-67.36
2939,132.91,48.72,26.83
2940,118.3,56.14,-16.22
2941,-76.63,63.36,-24.29
2942,134.13,2.01,57.65
2943,-22.54,7.84,-77.57
2944,11.61,27.21,-72.9
2945,32.55,60.98,-41.16
2946,49.89,68.41,11.92
2947,34.53,58.2,-45.15
2948,59.29,67.03,-22.83
2949,-7.43,56.25,39.3
2950,71.72,29.68,-64.73
2951,-5.53,23.13,62.9
2952,28.11,54.42,41.75
2953,171.57,12.18,37.5
2954,114.27,57.46,17.36
2955,-80.62,55.8,30.98
2956,24.05,14.6,-76.22
2957,-158.7,19.02,-38.17
2958,-104.3,43.05,42.36
2959,104.06,6.18,62.24
2960,52.4,2.56,66.06
2961,-94.48,-61.16,12.16
2962,10.86,52.59,-54.12
2963,-30.89,44.13,-60.81
2964,144.01,43.04,-19.14
2965,-93.23,43.91,43.85
2966,-177.07,17.78,37.4
2967,-20.41,65.48,-34.23
2968,176.19,4.92,-20.26
2969,156.71,20.05,-33.28
2970,10.86,15.82,-76.45
2971,46.34,57.05,37.48
2972,89.75,49.44,41.94
2973,-168.41,40.78,-3.43
2974,-201.82,9.21,20.4
2975,4.35,39.27,55.42
2976,-197.83,15.99,21.78
2977,-32.52,64.74,-33.91
2978,-131.25,12.33,54.06
2979,96.44,44.03,46.33
2980,34.98,63.42,-36.7
2981,-197.03,22.32,16.14
2982,143.06,44.61,27.37
2983,90.14,49.27,-43.57
2984,145.23,8.41,-45.39
2985,85.14,26.7,59.43
2986,-54.91,15.29,62.95
2987,-72.76,25.12,58.61
2988,-9.69,34.97,57.44
2989,14.11,21.1,-75.07
2990,90.27,26.86,58.8
2991,96.18,59.88,-24.14
2992,-17.79,51.46,44.21
2993,105.53,40.52,47.35
2994,-24.01,59.06,-45.07
2995,-128.54,54.17,-10.65
2996,19.42,14.76,-76.38
2997,52.48,60.06,32.6
2998,57.13,57.86,-42.32
2999,161.65,8.79,-33.71
3000,93.15,62.91,-16.82
3001,81.15,25.43,-64.59
3002,133.67,35.49,-37.21
3003,182.76,14.68,5.08
3004,-10.89,56.71,-48.99
3005,36.86,33.12,58.66
3006,104.94,11.25,-62.44
3007,-30.01,40.88,52.51
3008,-3.38,48.06,-58.58
3009,-140.49,48.93,-16.26
3010,-149.88,23.4,45.66
3011,-116.44,7.2,57.71
3012,-167.32,35.26,28.04
3013,-157.51,2.79,-43.13
3014,-31.79,12.58,-76.22
3015,102.78,43.67,45.35
3016,-94.93,8.22,-65.56
3017,-113.79,52.77,-28.45
3018,148.16,11.18,52.65
3019,-207.19,-6.89,2.85
3020,22.58,66.25,22.16
3021,6.49,44.51,51.6
3022,45.64,36.81,56.23
3023,-81.86,16.91,60.56
3024,-115.32,2.09,58.15
3025,-45.99,46.75,-56.4
3026,-85.65,1.86,62.14
3027,55.98,26.98,-68.77
3028,162.45,38.93,17.72
3029,-72.5,52.81,-45.34
3030,11.82,7.27,-78.02
3031,-154.79,23.09,44.15
3032,-134.95,27.87,47.15
3033,-91.24,51.3,35.68
3034,11.04,6.98,66.43
3035,-16.75,63.31,27.3
3036,166.07,5.72,44.87
3037,-118.4,33.4,-48.86
3038,-20.05,3.22,-78.11
3039,-0.25,21.24,63.68